aoi_id,region_name,year,latitude,longitude,built_up_area_sqkm,population_density,growth_velocity_pct,infrastructure_index,capital_investment_m_usd,land_use_type,confidence_score,is_synthetic,scenario
BNG-CEN-NODE-01,Bengaluru Central Zone 1,2000,12.961607952560884,77.61431432991874,8.69,501.47,0.0,0.3,27.16,INDUSTRIAL,0.93,True,LOCAL_DENSE
BNG-CEN-NODE-01,Bengaluru Central Zone 1,2001,12.961023165046804,77.61391763147479,8.97,504.53,3.15,0.32,28.1,INDUSTRIAL,0.97,True,LOCAL_DENSE
BNG-CEN-NODE-01,Bengaluru Central Zone 1,2002,12.960360180607363,77.61318187564277,9.35,508.69,4.3,0.35,29.43,INDUSTRIAL,0.96,True,LOCAL_DENSE
BNG-CEN-NODE-01,Bengaluru Central Zone 1,2003,12.961335558843587,77.61389271349438,10.87,523.38,16.22,0.46,34.7,INDUSTRIAL,0.93,True,LOCAL_DENSE
BNG-CEN-NODE-01,Bengaluru Central Zone 1,2004,12.961048373992677,77.61330565888402,9.88,514.28,-9.05,0.39,31.28,INDUSTRIAL,0.96,True,LOCAL_DENSE
BNG-CEN-NODE-01,Bengaluru Central Zone 1,2005,12.960609383889107,77.61450139871083,9.97,515.2,0.87,0.39,31.58,INDUSTRIAL,0.98,True,LOCAL_DENSE
BNG-CEN-NODE-01,Bengaluru Central Zone 1,2006,12.961135607217981,77.6134129037364,13.61,546.41,36.52,0.62,44.41,INDUSTRIAL,0.98,True,LOCAL_DENSE
BNG-CEN-NODE-01,Bengaluru Central Zone 1,2007,12.96146828454846,77.61396449856585,13.33,544.56,-2.09,0.6,43.41,INDUSTRIAL,0.92,True,LOCAL_DENSE
BNG-CEN-NODE-01,Bengaluru Central Zone 1,2008,12.959896036866011,77.61304504193211,15.62,561.07,17.24,0.72,51.66,INDUSTRIAL,0.96,True,LOCAL_DENSE
BNG-CEN-NODE-01,Bengaluru Central Zone 1,2009,12.961213263427195,77.61450812297926,28.35,624.19,81.45,1.0,98.92,INDUSTRIAL,0.92,True,LOCAL_DENSE
BNG-CEN-NODE-01,Bengaluru Central Zone 1,2010,12.960412004077085,77.61265499833881,16.65,568.27,-41.29,0.77,55.39,INDUSTRIAL,0.94,True,LOCAL_DENSE
BNG-CEN-NODE-01,Bengaluru Central Zone 1,2011,12.960229536861238,77.6133171158661,37.37,656.82,124.51,1.0,133.77,INDUSTRIAL,0.91,True,LOCAL_DENSE
BNG-CEN-NODE-01,Bengaluru Central Zone 1,2012,12.960482166264697,77.61456493504382,29.94,632.91,-19.88,1.0,105.18,INDUSTRIAL,0.91,True,LOCAL_DENSE
BNG-CEN-NODE-01,Bengaluru Central Zone 1,2013,12.960244094956423,77.6145136656761,22.49,601.63,-24.88,0.99,77.02,INDUSTRIAL,0.92,True,LOCAL_DENSE
BNG-CEN-NODE-01,Bengaluru Central Zone 1,2014,12.960838727414792,77.61345589268167,24.18,610.05,7.52,1.0,83.39,INDUSTRIAL,0.97,True,LOCAL_DENSE
BNG-CEN-NODE-01,Bengaluru Central Zone 1,2015,12.961476030678039,77.61436527745586,19.43,586.06,-19.64,0.87,65.67,INDUSTRIAL,0.99,True,LOCAL_DENSE
BNG-CEN-NODE-01,Bengaluru Central Zone 1,2016,12.961134398120084,77.61280035388725,158.29,845.34,714.47,1.0,643.62,INDUSTRIAL,0.97,True,LOCAL_DENSE
BNG-CEN-NODE-01,Bengaluru Central Zone 1,2017,12.960124091061974,77.61282337984922,31.56,641.68,-80.06,1.0,111.61,INDUSTRIAL,0.94,True,LOCAL_DENSE
BNG-CEN-NODE-01,Bengaluru Central Zone 1,2018,12.960372185202072,77.61437803469003,27.99,628.05,-11.29,1.0,97.94,INDUSTRIAL,0.92,True,LOCAL_DENSE
BNG-CEN-NODE-01,Bengaluru Central Zone 1,2019,12.960722968368744,77.61297880314272,11.9,533.7,-57.48,0.52,38.38,INDUSTRIAL,0.92,True,LOCAL_DENSE
BNG-CEN-NODE-01,Bengaluru Central Zone 1,2020,12.961784762205134,77.61418092930658,21.74,599.43,82.65,0.95,74.3,INDUSTRIAL,0.94,True,LOCAL_DENSE
BNG-CEN-NODE-01,Bengaluru Central Zone 1,2021,12.961097909080424,77.61338535957323,21.07,596.03,-3.07,0.93,71.82,INDUSTRIAL,0.93,True,LOCAL_DENSE
BNG-CEN-NODE-01,Bengaluru Central Zone 1,2022,12.960919881911567,77.61344560784262,39.02,669.14,85.17,1.0,140.94,INDUSTRIAL,0.94,True,LOCAL_DENSE
BNG-CEN-NODE-01,Bengaluru Central Zone 1,2023,12.959882703187379,77.61276173789443,151.75,853.37,288.86,1.0,619.59,INDUSTRIAL,0.91,True,LOCAL_DENSE
BNG-CEN-NODE-02,Bengaluru Central Zone 2,2000,12.968978398073773,77.63376586487057,14.18,897.81,0.0,0.18,19.06,RESIDENTIAL,0.91,True,LOCAL_DENSE
BNG-CEN-NODE-02,Bengaluru Central Zone 2,2001,12.967590838882526,77.63302010864075,14.56,902.57,2.72,0.2,19.63,RESIDENTIAL,0.96,True,LOCAL_DENSE
BNG-CEN-NODE-02,Bengaluru Central Zone 2,2002,12.967849122454805,77.63336640719545,16.06,919.6,10.25,0.27,21.85,RESIDENTIAL,0.98,True,LOCAL_DENSE
BNG-CEN-NODE-02,Bengaluru Central Zone 2,2003,12.967248478334149,77.63373964896314,15.75,916.48,-1.92,0.25,21.4,RESIDENTIAL,0.93,True,LOCAL_DENSE
BNG-CEN-NODE-02,Bengaluru Central Zone 2,2004,12.969145057145345,77.63362772698842,16.4,923.77,4.14,0.28,22.37,RESIDENTIAL,0.95,True,LOCAL_DENSE
BNG-CEN-NODE-02,Bengaluru Central Zone 2,2005,12.968757896208086,77.63336858660018,18.64,946.64,13.65,0.38,25.74,RESIDENTIAL,0.98,True,LOCAL_DENSE
BNG-CEN-NODE-02,Bengaluru Central Zone 2,2006,12.96803693885485,77.63463897670562,17.44,934.96,-6.45,0.33,23.93,RESIDENTIAL,0.98,True,LOCAL_DENSE
BNG-CEN-NODE-02,Bengaluru Central Zone 2,2007,12.969087933322058,77.63356966724311,20.91,967.94,19.93,0.46,29.2,RESIDENTIAL,0.91,True,LOCAL_DENSE
BNG-CEN-NODE-02,Bengaluru Central Zone 2,2008,12.968772390718287,77.63370937068115,25.78,1006.63,23.28,0.61,36.71,COMMERCIAL,0.96,True,LOCAL_DENSE
BNG-CEN-NODE-02,Bengaluru Central Zone 2,2009,12.968084857707291,77.63299722581402,28.06,1022.96,8.82,0.67,40.28,COMMERCIAL,0.94,True,LOCAL_DENSE
BNG-CEN-NODE-02,Bengaluru Central Zone 2,2010,12.967429739915426,77.63323918340444,21.97,977.76,-21.71,0.49,30.83,RESIDENTIAL,0.92,True,LOCAL_DENSE
BNG-CEN-NODE-02,Bengaluru Central Zone 2,2011,12.967671086964627,77.63288940148504,22.87,985.46,4.1,0.52,32.22,RESIDENTIAL,0.98,True,LOCAL_DENSE
BNG-CEN-NODE-02,Bengaluru Central Zone 2,2012,12.968267931024343,77.63326063912248,35.26,1068.63,54.19,0.84,51.74,COMMERCIAL,0.94,True,LOCAL_DENSE
BNG-CEN-NODE-02,Bengaluru Central Zone 2,2013,12.968429467320842,77.63374737298716,19.56,956.61,-44.51,0.41,27.15,RESIDENTIAL,0.99,True,LOCAL_DENSE
BNG-CEN-NODE-02,Bengaluru Central Zone 2,2014,12.968391853731703,77.63464237710488,31.55,1047.97,61.3,0.75,45.85,COMMERCIAL,0.99,True,LOCAL_DENSE
BNG-CEN-NODE-02,Bengaluru Central Zone 2,2015,12.967991966956514,77.63443601734247,38.36,1087.14,21.56,0.9,56.77,COMMERCIAL,0.92,True,LOCAL_DENSE
BNG-CEN-NODE-02,Bengaluru Central Zone 2,2016,12.968394695205564,77.63347209170023,25.48,1006.91,-33.58,0.6,36.28,COMMERCIAL,0.91,True,LOCAL_DENSE
BNG-CEN-NODE-02,Bengaluru Central Zone 2,2017,12.967670298501517,77.63370184118014,36.48,1077.98,43.2,0.86,53.77,COMMERCIAL,0.93,True,LOCAL_DENSE
BNG-CEN-NODE-02,Bengaluru Central Zone 2,2018,12.967908289915712,77.63390027089899,50.62,1146.01,38.75,1.0,76.93,COMMERCIAL,0.94,True,LOCAL_DENSE
BNG-CEN-NODE-02,Bengaluru Central Zone 2,2019,12.968366143150595,77.63304869699589,21.79,977.24,-56.96,0.48,30.57,RESIDENTIAL,0.94,True,LOCAL_DENSE
BNG-CEN-NODE-02,Bengaluru Central Zone 2,2020,12.969114456764007,77.63454114778396,27.75,1024.15,27.38,0.66,39.86,COMMERCIAL,0.96,True,LOCAL_DENSE
BNG-CEN-NODE-02,Bengaluru Central Zone 2,2021,12.968676979796841,77.63287946437958,56.04,1169.52,101.91,1.0,86.03,COMMERCIAL,0.96,True,LOCAL_DENSE
BNG-CEN-NODE-02,Bengaluru Central Zone 2,2022,12.96894313042431,77.63369818122082,25.88,1010.67,-53.81,0.61,36.93,COMMERCIAL,0.97,True,LOCAL_DENSE
BNG-CEN-NODE-02,Bengaluru Central Zone 2,2023,12.96814698352513,77.63270412321647,38.88,1092.79,50.21,0.9,57.68,COMMERCIAL,0.94,True,LOCAL_DENSE
BNG-CEN-NODE-03,Bengaluru Central Zone 3,2000,12.97104868902505,77.63127486847047,7.36,1071.9,0.0,0.2,11.89,COMMERCIAL,0.9,True,LOCAL_DENSE
BNG-CEN-NODE-03,Bengaluru Central Zone 3,2001,12.972344360668458,77.63135714048458,7.66,1080.26,4.06,0.23,12.42,COMMERCIAL,0.99,True,LOCAL_DENSE
BNG-CEN-NODE-03,Bengaluru Central Zone 3,2002,12.972280358117215,77.630498695082,7.83,1085.08,2.27,0.25,12.73,COMMERCIAL,0.96,True,LOCAL_DENSE
BNG-CEN-NODE-03,Bengaluru Central Zone 3,2003,12.971337977605993,77.63178850041582,8.85,1110.75,13.02,0.34,14.56,COMMERCIAL,0.99,True,LOCAL_DENSE
BNG-CEN-NODE-03,Bengaluru Central Zone 3,2004,12.972669746385863,77.63122914796718,7.75,1082.85,-12.49,0.24,12.58,COMMERCIAL,0.99,True,LOCAL_DENSE
BNG-CEN-NODE-03,Bengaluru Central Zone 3,2005,12.97129432515873,77.63058550374707,9.58,1128.19,23.72,0.39,15.89,COMMERCIAL,0.92,True,LOCAL_DENSE
BNG-CEN-NODE-03,Bengaluru Central Zone 3,2006,12.97151585226549,77.63091387828666,10.71,1152.31,11.78,0.48,17.95,COMMERCIAL,0.93,True,LOCAL_DENSE
BNG-CEN-NODE-03,Bengaluru Central Zone 3,2007,12.970883429423338,77.63157213611268,8.14,1093.46,-24.04,0.27,13.28,COMMERCIAL,0.91,True,LOCAL_DENSE
BNG-CEN-NODE-03,Bengaluru Central Zone 3,2008,12.972092996709257,77.63136057638184,11.62,1170.77,42.75,0.53,19.62,COMMERCIAL,0.95,True,LOCAL_DENSE
BNG-CEN-NODE-03,Bengaluru Central Zone 3,2009,12.971294309088952,77.63129148414883,9.26,1121.53,-20.27,0.37,15.31,COMMERCIAL,0.94,True,LOCAL_DENSE
BNG-CEN-NODE-03,Bengaluru Central Zone 3,2010,12.972067463387749,77.63166125620062,42.75,1472.51,361.53,1.0,81.05,COMMERCIAL,0.91,True,LOCAL_DENSE
BNG-CEN-NODE-03,Bengaluru Central Zone 3,2011,12.97249795256697,77.63068250634873,10.54,1150.15,-75.34,0.46,17.64,COMMERCIAL,0.98,True,LOCAL_DENSE
BNG-CEN-NODE-03,Bengaluru Central Zone 3,2012,12.972767854234519,77.62998720738658,18.2,1274.6,72.7,0.86,32.08,COMMERCIAL,0.98,True,LOCAL_DENSE
BNG-CEN-NODE-03,Bengaluru Central Zone 3,2013,12.972519630562315,77.63147471984523,10.98,1159.57,-39.66,0.49,18.46,COMMERCIAL,0.98,True,LOCAL_DENSE
BNG-CEN-NODE-03,Bengaluru Central Zone 3,2014,12.97240413503917,77.63030751954541,24.44,1346.65,122.54,1.0,44.29,COMMERCIAL,0.91,True,LOCAL_DENSE
BNG-CEN-NODE-03,Bengaluru Central Zone 3,2015,12.971614692971801,77.6316110562563,16.78,1257.25,-31.36,0.8,29.36,COMMERCIAL,0.94,True,LOCAL_DENSE
BNG-CEN-NODE-03,Bengaluru Central Zone 3,2016,12.972044897542125,77.63174890046014,11.33,1166.81,-32.49,0.51,19.09,COMMERCIAL,0.94,True,LOCAL_DENSE
BNG-CEN-NODE-03,Bengaluru Central Zone 3,2017,12.971498637918495,77.63017556679596,18.09,1276.02,59.74,0.85,31.9,COMMERCIAL,0.93,True,LOCAL_DENSE
BNG-CEN-NODE-03,Bengaluru Central Zone 3,2018,12.972203248050931,77.63043006286796,16.07,1248.05,-11.2,0.76,28.01,COMMERCIAL,0.99,True,LOCAL_DENSE
BNG-CEN-NODE-03,Bengaluru Central Zone 3,2019,12.971107933939885,77.63098485254464,19.51,1295.01,21.42,0.9,34.65,COMMERCIAL,0.94,True,LOCAL_DENSE
BNG-CEN-NODE-03,Bengaluru Central Zone 3,2020,12.972013524833475,77.63171945918724,30.92,1411.36,58.52,1.0,57.35,COMMERCIAL,0.97,True,LOCAL_DENSE
BNG-CEN-NODE-03,Bengaluru Central Zone 3,2021,12.97196766224429,77.62998581981793,10.05,1140.14,-67.5,0.42,16.74,COMMERCIAL,0.94,True,LOCAL_DENSE
BNG-CEN-NODE-03,Bengaluru Central Zone 3,2022,12.972111682569698,77.63171424394834,19.59,1297.0,94.91,0.9,34.81,COMMERCIAL,0.91,True,LOCAL_DENSE
BNG-CEN-NODE-03,Bengaluru Central Zone 3,2023,12.972768611833882,77.63058974752752,22.78,1334.98,16.33,1.0,41.09,COMMERCIAL,0.99,True,LOCAL_DENSE
BNG-CEN-NODE-04,Bengaluru Central Zone 4,2000,12.965093733358117,77.5600204136219,7.32,1900.01,0.0,0.1,30.98,COMMERCIAL,0.9,True,LOCAL_DENSE
BNG-CEN-NODE-04,Bengaluru Central Zone 4,2001,12.965913590738934,77.55898609454893,7.75,1920.82,5.79,0.14,32.95,COMMERCIAL,0.93,True,LOCAL_DENSE
BNG-CEN-NODE-04,Bengaluru Central Zone 4,2002,12.965763374398191,77.5586520562262,8.4,1951.0,8.5,0.2,36.03,COMMERCIAL,0.98,True,LOCAL_DENSE
BNG-CEN-NODE-04,Bengaluru Central Zone 4,2003,12.96595288872484,77.55952903552766,12.8,2100.38,52.31,0.53,56.97,SUBURBAN,0.95,True,LOCAL_DENSE
BNG-CEN-NODE-04,Bengaluru Central Zone 4,2004,12.964908844449308,77.56002405918294,9.22,1986.76,-27.94,0.27,39.91,COMMERCIAL,0.94,True,LOCAL_DENSE
BNG-CEN-NODE-04,Bengaluru Central Zone 4,2005,12.965917602247014,77.55983639186803,10.45,2034.15,13.29,0.36,45.75,SUBURBAN,0.94,True,LOCAL_DENSE
BNG-CEN-NODE-04,Bengaluru Central Zone 4,2006,12.965716794312502,77.55892598001356,10.07,2021.27,-3.59,0.33,43.97,SUBURBAN,0.91,True,LOCAL_DENSE
BNG-CEN-NODE-04,Bengaluru Central Zone 4,2007,12.96558627096252,77.55862224961602,10.23,2027.88,1.59,0.34,44.74,SUBURBAN,0.96,True,LOCAL_DENSE
BNG-CEN-NODE-04,Bengaluru Central Zone 4,2008,12.964721606719252,77.55927020438158,8.01,1934.12,-21.77,0.16,34.18,COMMERCIAL,0.98,True,LOCAL_DENSE
BNG-CEN-NODE-04,Bengaluru Central Zone 4,2009,12.964949239158907,77.55968310015655,11.47,2072.97,43.21,0.42,50.69,SUBURBAN,0.97,True,LOCAL_DENSE
BNG-CEN-NODE-04,Bengaluru Central Zone 4,2010,12.965283342999406,77.55977391230367,10.77,2048.85,-6.09,0.38,47.32,SUBURBAN,0.9,True,LOCAL_DENSE
BNG-CEN-NODE-04,Bengaluru Central Zone 4,2011,12.965633855015009,77.55957517502267,11.7,2081.79,8.62,0.44,51.81,SUBURBAN,0.91,True,LOCAL_DENSE
BNG-CEN-NODE-04,Bengaluru Central Zone 4,2012,12.965887382187567,77.55994108196886,8.61,1961.93,-26.43,0.21,37.0,COMMERCIAL,0.92,True,LOCAL_DENSE
BNG-CEN-NODE-04,Bengaluru Central Zone 4,2013,12.964469902482417,77.55905285663434,12.5,2109.23,45.3,0.48,55.75,SUBURBAN,0.94,True,LOCAL_DENSE
BNG-CEN-NODE-04,Bengaluru Central Zone 4,2014,12.965602799342944,77.55903511783359,18.66,2274.31,49.21,0.78,86.39,SUBURBAN,0.98,True,LOCAL_DENSE
BNG-CEN-NODE-04,Bengaluru Central Zone 4,2015,12.965906183131546,77.5597836946087,10.44,2037.62,-44.06,0.35,45.73,SUBURBAN,0.93,True,LOCAL_DENSE
BNG-CEN-NODE-04,Bengaluru Central Zone 4,2016,12.964190683352044,77.55960198699555,8.85,1973.03,-15.18,0.23,38.17,COMMERCIAL,0.93,True,LOCAL_DENSE
BNG-CEN-NODE-04,Bengaluru Central Zone 4,2017,12.965657998015942,77.5602685569751,22.96,2366.84,159.42,0.93,108.49,SUBURBAN,0.92,True,LOCAL_DENSE
BNG-CEN-NODE-04,Bengaluru Central Zone 4,2018,12.965088411748493,77.56016209353221,58.53,2801.9,154.89,1.0,301.08,SUBURBAN,0.95,True,LOCAL_DENSE
BNG-CEN-NODE-04,Bengaluru Central Zone 4,2019,12.96467826665046,77.5588123473587,28.26,2461.63,-51.73,1.0,136.15,SUBURBAN,0.93,True,LOCAL_DENSE
BNG-CEN-NODE-04,Bengaluru Central Zone 4,2020,12.965443969192993,77.5603891813596,16.89,2236.49,-40.24,0.7,77.54,SUBURBAN,0.91,True,LOCAL_DENSE
BNG-CEN-NODE-04,Bengaluru Central Zone 4,2021,12.965977094365579,77.55848518458846,30.82,2504.11,82.54,1.0,149.8,SUBURBAN,0.97,True,LOCAL_DENSE
BNG-CEN-NODE-04,Bengaluru Central Zone 4,2022,12.964631399175566,77.55859834036,32.91,2535.9,6.78,1.0,160.97,SUBURBAN,0.94,True,LOCAL_DENSE
BNG-CEN-NODE-04,Bengaluru Central Zone 4,2023,12.964801768465204,77.5598937298205,36.09,2580.63,9.64,1.0,178.04,SUBURBAN,0.96,True,LOCAL_DENSE
BNG-CEN-NODE-05,Bengaluru Central Zone 5,2000,12.992084758744953,77.61956092786632,2.4,849.52,0.0,0.22,47.02,RESIDENTIAL,0.9,True,LOCAL_DENSE
BNG-CEN-NODE-05,Bengaluru Central Zone 5,2001,12.991728487509667,77.61869513852294,2.52,857.55,4.96,0.26,49.58,RESIDENTIAL,0.95,True,LOCAL_DENSE
BNG-CEN-NODE-05,Bengaluru Central Zone 5,2002,12.991747485979609,77.61827663955516,2.57,860.8,1.9,0.27,50.62,RESIDENTIAL,0.94,True,LOCAL_DENSE
BNG-CEN-NODE-05,Bengaluru Central Zone 5,2003,12.990782887389845,77.61866274042158,2.58,861.48,0.36,0.27,50.83,RESIDENTIAL,0.95,True,LOCAL_DENSE
BNG-CEN-NODE-05,Bengaluru Central Zone 5,2004,12.991017320524543,77.61968558786754,3.13,894.15,21.58,0.42,62.96,RESIDENTIAL,0.95,True,LOCAL_DENSE
BNG-CEN-NODE-05,Bengaluru Central Zone 5,2005,12.991555439987282,77.61871890153975,2.67,867.81,-14.65,0.3,52.93,RESIDENTIAL,0.93,True,LOCAL_DENSE
BNG-CEN-NODE-05,Bengaluru Central Zone 5,2006,12.991589375158716,77.61889773641755,3.15,895.51,17.69,0.42,63.29,RESIDENTIAL,0.94,True,LOCAL_DENSE
BNG-CEN-NODE-05,Bengaluru Central Zone 5,2007,12.991733172573747,77.61904155490082,3.27,902.51,4.06,0.45,66.12,RESIDENTIAL,0.94,True,LOCAL_DENSE
BNG-CEN-NODE-05,Bengaluru Central Zone 5,2008,12.99226440015452,77.61804309689356,3.77,926.95,15.07,0.55,77.11,RESIDENTIAL,0.95,True,LOCAL_DENSE
BNG-CEN-NODE-05,Bengaluru Central Zone 5,2009,12.990914565007985,77.61968515571984,4.28,949.78,13.72,0.64,88.76,RESIDENTIAL,0.99,True,LOCAL_DENSE
BNG-CEN-NODE-05,Bengaluru Central Zone 5,2010,12.992615987555185,77.61960370771506,4.99,977.57,16.61,0.76,105.02,RESIDENTIAL,0.93,True,LOCAL_DENSE
BNG-CEN-NODE-05,Bengaluru Central Zone 5,2011,12.991958277202011,77.61818075046094,3.9,933.67,-21.99,0.57,80.05,RESIDENTIAL,0.95,True,LOCAL_DENSE
BNG-CEN-NODE-05,Bengaluru Central Zone 5,2012,12.990947009720683,77.6198741472973,3.06,891.08,-21.58,0.39,61.32,RESIDENTIAL,0.92,True,LOCAL_DENSE
BNG-CEN-NODE-05,Bengaluru Central Zone 5,2013,12.992405648745642,77.61854788105379,3.23,900.61,5.58,0.43,65.09,RESIDENTIAL,0.94,True,LOCAL_DENSE
BNG-CEN-NODE-05,Bengaluru Central Zone 5,2014,12.992645498203741,77.61968089429868,16.0,1206.13,396.11,1.0,374.08,COMMERCIAL,0.94,True,LOCAL_DENSE
BNG-CEN-NODE-05,Bengaluru Central Zone 5,2015,12.992410353721807,77.61805561331936,5.27,989.5,-67.07,0.79,111.47,RESIDENTIAL,0.93,True,LOCAL_DENSE
BNG-CEN-NODE-05,Bengaluru Central Zone 5,2016,12.990777379493709,77.61854521640201,3.29,904.33,-37.53,0.45,66.56,RESIDENTIAL,0.95,True,LOCAL_DENSE
BNG-CEN-NODE-05,Bengaluru Central Zone 5,2017,12.991196487407613,77.61958298273694,3.35,907.31,1.67,0.46,67.79,RESIDENTIAL,0.91,True,LOCAL_DENSE
BNG-CEN-NODE-05,Bengaluru Central Zone 5,2018,12.991456301035774,77.61815364558811,8.89,1091.85,165.7,1.0,197.66,COMMERCIAL,0.91,True,LOCAL_DENSE
BNG-CEN-NODE-05,Bengaluru Central Zone 5,2019,12.992566269944904,77.6183432452481,111.67,1681.88,1155.59,1.0,3088.35,COMMERCIAL,0.92,True,LOCAL_DENSE
BNG-CEN-NODE-05,Bengaluru Central Zone 5,2020,12.991926444963742,77.61983733779256,5.32,992.45,-95.24,0.79,112.69,RESIDENTIAL,0.96,True,LOCAL_DENSE
BNG-CEN-NODE-05,Bengaluru Central Zone 5,2021,12.991688642243421,77.61828539097459,5.16,986.72,-3.07,0.77,108.91,RESIDENTIAL,0.9,True,LOCAL_DENSE
BNG-CEN-NODE-05,Bengaluru Central Zone 5,2022,12.990854292008141,77.61843566740298,3.66,923.46,-29.03,0.52,74.77,RESIDENTIAL,0.95,True,LOCAL_DENSE
BNG-CEN-NODE-05,Bengaluru Central Zone 5,2023,12.992229095808371,77.61801042479408,8.51,1085.43,132.56,1.0,188.57,COMMERCIAL,0.94,True,LOCAL_DENSE
BNG-CEN-NODE-06,Bengaluru Central Zone 6,2000,12.937822117060115,77.60345660421369,9.3,368.96,0.0,0.19,10.02,INDUSTRIAL,0.92,True,LOCAL_DENSE
BNG-CEN-NODE-06,Bengaluru Central Zone 6,2001,12.937021279710747,77.60262416867123,9.56,370.96,2.79,0.21,10.33,INDUSTRIAL,0.95,True,LOCAL_DENSE
BNG-CEN-NODE-06,Bengaluru Central Zone 6,2002,12.93767024894312,77.60212528342488,9.64,371.63,0.9,0.22,10.43,INDUSTRIAL,0.98,True,LOCAL_DENSE
BNG-CEN-NODE-06,Bengaluru Central Zone 6,2003,12.937325343955381,77.60304647204552,10.17,375.48,5.42,0.26,11.06,INDUSTRIAL,0.94,True,LOCAL_DENSE
BNG-CEN-NODE-06,Bengaluru Central Zone 6,2004,12.936801746635354,77.60215522567981,12.57,390.84,23.62,0.41,13.95,INDUSTRIAL,0.96,True,LOCAL_DENSE
BNG-CEN-NODE-06,Bengaluru Central Zone 6,2005,12.937340144085779,77.60265436127894,13.55,396.49,7.79,0.47,15.14,INDUSTRIAL,0.92,True,LOCAL_DENSE
BNG-CEN-NODE-06,Bengaluru Central Zone 6,2006,12.936219177072337,77.60350556238907,11.14,382.26,-17.8,0.32,12.22,INDUSTRIAL,0.97,True,LOCAL_DENSE
BNG-CEN-NODE-06,Bengaluru Central Zone 6,2007,12.936477427296518,77.60197997545906,36.1,470.15,224.19,1.0,43.98,INDUSTRIAL,0.95,True,LOCAL_DENSE
BNG-CEN-NODE-06,Bengaluru Central Zone 6,2008,12.937832026802306,77.60206986480392,14.42,401.67,-60.05,0.51,16.22,INDUSTRIAL,0.95,True,LOCAL_DENSE
BNG-CEN-NODE-06,Bengaluru Central Zone 6,2009,12.936029186228204,77.60290857533441,11.76,386.41,-18.47,0.36,12.97,INDUSTRIAL,0.93,True,LOCAL_DENSE
BNG-CEN-NODE-06,Bengaluru Central Zone 6,2010,12.936793677945357,77.60226204328997,19.43,424.84,65.2,0.73,22.48,INDUSTRIAL,0.95,True,LOCAL_DENSE
BNG-CEN-NODE-06,Bengaluru Central Zone 6,2011,12.93668912534603,77.60314005215439,18.94,423.08,-2.51,0.71,21.87,INDUSTRIAL,0.98,True,LOCAL_DENSE
BNG-CEN-NODE-06,Bengaluru Central Zone 6,2012,12.9369907417618,77.60307871118124,14.86,404.33,-21.55,0.53,16.77,INDUSTRIAL,0.98,True,LOCAL_DENSE
BNG-CEN-NODE-06,Bengaluru Central Zone 6,2013,12.937829381651948,77.60282634041083,21.16,432.27,42.43,0.79,24.7,INDUSTRIAL,0.97,True,LOCAL_DENSE
BNG-CEN-NODE-06,Bengaluru Central Zone 6,2014,12.937279696459502,77.60187935744729,15.31,406.8,-27.64,0.55,17.33,INDUSTRIAL,0.91,True,LOCAL_DENSE
BNG-CEN-NODE-06,Bengaluru Central Zone 6,2015,12.936505712613803,77.60264859843501,12.74,392.65,-16.77,0.42,14.17,INDUSTRIAL,0.93,True,LOCAL_DENSE
BNG-CEN-NODE-06,Bengaluru Central Zone 6,2016,12.936982648941479,77.60262758843837,23.22,440.35,82.19,0.85,27.35,INDUSTRIAL,0.95,True,LOCAL_DENSE
BNG-CEN-NODE-06,Bengaluru Central Zone 6,2017,12.937373362986786,77.60350018654499,17.89,419.29,-22.95,0.66,20.56,INDUSTRIAL,0.93,True,LOCAL_DENSE
BNG-CEN-NODE-06,Bengaluru Central Zone 6,2018,12.937755056429884,77.60293814370357,15.73,409.11,-12.07,0.57,17.86,INDUSTRIAL,0.97,True,LOCAL_DENSE
BNG-CEN-NODE-06,Bengaluru Central Zone 6,2019,12.937796458052855,77.60270208833334,16.74,414.12,6.45,0.61,19.12,INDUSTRIAL,0.95,True,LOCAL_DENSE
BNG-CEN-NODE-06,Bengaluru Central Zone 6,2020,12.937284668401581,77.60235337805995,33.9,473.26,102.47,1.0,41.4,INDUSTRIAL,0.97,True,LOCAL_DENSE
BNG-CEN-NODE-06,Bengaluru Central Zone 6,2021,12.937626377436992,77.60222423223351,127.47,600.2,276.0,1.0,175.5,INDUSTRIAL,0.96,True,LOCAL_DENSE
BNG-CEN-NODE-06,Bengaluru Central Zone 6,2022,12.936088122426819,77.6027098091463,21.81,435.84,-82.89,0.8,25.56,INDUSTRIAL,0.98,True,LOCAL_DENSE
BNG-CEN-NODE-06,Bengaluru Central Zone 6,2023,12.936567832978819,77.60243926943012,21.05,432.95,-3.5,0.77,24.58,INDUSTRIAL,0.97,True,LOCAL_DENSE
BNG-CEN-NODE-07,Bengaluru Central Zone 7,2000,12.959098748378548,77.61234975900469,5.74,1505.41,0.0,0.26,44.03,COMMERCIAL,0.92,True,LOCAL_DENSE
BNG-CEN-NODE-07,Bengaluru Central Zone 7,2001,12.95902427819914,77.61211062434212,5.92,1514.41,3.08,0.28,45.53,COMMERCIAL,0.96,True,LOCAL_DENSE
BNG-CEN-NODE-07,Bengaluru Central Zone 7,2002,12.95852772032533,77.61127519200399,6.55,1543.94,10.63,0.35,50.86,COMMERCIAL,0.94,True,LOCAL_DENSE
BNG-CEN-NODE-07,Bengaluru Central Zone 7,2003,12.95772660071306,77.61223478376542,6.62,1547.72,1.13,0.36,51.49,COMMERCIAL,0.96,True,LOCAL_DENSE
BNG-CEN-NODE-07,Bengaluru Central Zone 7,2004,12.959299428606474,77.6111341900302,6.92,1561.12,4.52,0.39,54.06,COMMERCIAL,0.94,True,LOCAL_DENSE
BNG-CEN-NODE-07,Bengaluru Central Zone 7,2005,12.958320663239501,77.6114307989869,6.25,1530.86,-9.71,0.32,48.33,COMMERCIAL,0.93,True,LOCAL_DENSE
BNG-CEN-NODE-07,Bengaluru Central Zone 7,2006,12.958002900416247,77.61101126166213,6.18,1527.77,-1.04,0.31,47.78,COMMERCIAL,0.97,True,LOCAL_DENSE
BNG-CEN-NODE-07,Bengaluru Central Zone 7,2007,12.958559014230346,77.61203361579975,7.44,1583.96,20.41,0.44,58.58,COMMERCIAL,0.92,True,LOCAL_DENSE
BNG-CEN-NODE-07,Bengaluru Central Zone 7,2008,12.95904798143196,77.61132948908187,8.96,1640.85,20.35,0.58,71.77,COMMERCIAL,0.97,True,LOCAL_DENSE
BNG-CEN-NODE-07,Bengaluru Central Zone 7,2009,12.95742530834494,77.6109061898925,10.2,1681.68,13.86,0.67,82.73,COMMERCIAL,0.91,True,LOCAL_DENSE
BNG-CEN-NODE-07,Bengaluru Central Zone 7,2010,12.957909878362868,77.61109639877381,11.8,1728.4,15.69,0.78,97.04,COMMERCIAL,0.97,True,LOCAL_DENSE
BNG-CEN-NODE-07,Bengaluru Central Zone 7,2011,12.959045694249657,77.61210671316147,13.22,1765.85,12.04,0.86,109.9,COMMERCIAL,0.99,True,LOCAL_DENSE
BNG-CEN-NODE-07,Bengaluru Central Zone 7,2012,12.958235988404333,77.61150564981764,12.0,1735.33,-9.29,0.79,98.82,COMMERCIAL,0.93,True,LOCAL_DENSE
BNG-CEN-NODE-07,Bengaluru Central Zone 7,2013,12.959302831154014,77.61190575103997,11.62,1725.77,-3.11,0.76,95.48,COMMERCIAL,0.95,True,LOCAL_DENSE
BNG-CEN-NODE-07,Bengaluru Central Zone 7,2014,12.95782143489593,77.61256592722842,9.59,1664.41,-17.5,0.62,77.35,COMMERCIAL,0.98,True,LOCAL_DENSE
BNG-CEN-NODE-07,Bengaluru Central Zone 7,2015,12.959357050372729,77.61148364864275,9.39,1657.79,-2.13,0.61,75.56,COMMERCIAL,0.99,True,LOCAL_DENSE
BNG-CEN-NODE-07,Bengaluru Central Zone 7,2016,12.958315841189311,77.61098386403366,13.27,1770.85,41.35,0.86,110.39,COMMERCIAL,0.95,True,LOCAL_DENSE
BNG-CEN-NODE-07,Bengaluru Central Zone 7,2017,12.957953698979345,77.61154291461617,8.16,1613.77,-38.48,0.51,64.82,COMMERCIAL,0.94,True,LOCAL_DENSE
BNG-CEN-NODE-07,Bengaluru Central Zone 7,2018,12.958752101613944,77.61130978629774,14.3,1797.14,75.22,0.91,119.89,COMMERCIAL,0.93,True,LOCAL_DENSE
BNG-CEN-NODE-07,Bengaluru Central Zone 7,2019,12.959054773247919,77.61107911108239,14.31,1797.89,0.07,0.91,120.0,COMMERCIAL,0.93,True,LOCAL_DENSE
BNG-CEN-NODE-07,Bengaluru Central Zone 7,2020,12.957654430622297,77.61184768149633,24.07,1981.5,68.22,1.0,211.97,COMMERCIAL,0.94,True,LOCAL_DENSE
BNG-CEN-NODE-07,Bengaluru Central Zone 7,2021,12.958984983953245,77.61128949792374,7.22,1575.59,-70.01,0.42,56.66,COMMERCIAL,0.92,True,LOCAL_DENSE
BNG-CEN-NODE-07,Bengaluru Central Zone 7,2022,12.958370548564629,77.61178215981471,11.48,1724.65,58.94,0.75,94.23,COMMERCIAL,0.93,True,LOCAL_DENSE
BNG-CEN-NODE-07,Bengaluru Central Zone 7,2023,12.958212451044266,77.61275068728983,29.79,2064.14,159.61,1.0,267.74,SUBURBAN,0.93,True,LOCAL_DENSE
BNG-CEN-NODE-08,Bengaluru Central Zone 8,2000,12.93975829845805,77.60193465845671,14.43,608.06,0.0,0.41,13.01,RESIDENTIAL,0.9,True,LOCAL_DENSE
BNG-CEN-NODE-08,Bengaluru Central Zone 8,2001,12.939146014273215,77.60224332778148,16.35,622.36,13.32,0.51,14.92,RESIDENTIAL,0.91,True,LOCAL_DENSE
BNG-CEN-NODE-08,Bengaluru Central Zone 8,2002,12.938964659260197,77.60212865970426,16.44,623.48,0.51,0.51,15.01,RESIDENTIAL,0.95,True,LOCAL_DENSE
BNG-CEN-NODE-08,Bengaluru Central Zone 8,2003,12.938566481457809,77.60229597633608,14.89,611.85,-9.41,0.44,13.47,RESIDENTIAL,0.95,True,LOCAL_DENSE
BNG-CEN-NODE-08,Bengaluru Central Zone 8,2004,12.93809631621914,77.60277752124658,18.63,638.72,25.13,0.6,17.22,RESIDENTIAL,0.96,True,LOCAL_DENSE
BNG-CEN-NODE-08,Bengaluru Central Zone 8,2005,12.93976612861573,77.60198022305235,17.24,629.6,-7.47,0.54,15.82,RESIDENTIAL,0.98,True,LOCAL_DENSE
BNG-CEN-NODE-08,Bengaluru Central Zone 8,2006,12.939272570750695,77.6036517482712,22.12,659.96,28.32,0.72,20.78,RESIDENTIAL,0.98,True,LOCAL_DENSE
BNG-CEN-NODE-08,Bengaluru Central Zone 8,2007,12.938778007394555,77.60252827826338,22.46,662.12,1.51,0.73,21.13,RESIDENTIAL,0.95,True,LOCAL_DENSE
BNG-CEN-NODE-08,Bengaluru Central Zone 8,2008,12.939762375469114,77.6021248463022,16.52,624.54,-26.44,0.51,15.1,RESIDENTIAL,0.98,True,LOCAL_DENSE
BNG-CEN-NODE-08,Bengaluru Central Zone 8,2009,12.93978318693084,77.60258304413999,19.41,644.47,17.53,0.63,18.02,RESIDENTIAL,0.97,True,LOCAL_DENSE
BNG-CEN-NODE-08,Bengaluru Central Zone 8,2010,12.939592177480371,77.60188167224068,45.29,753.04,133.3,1.0,45.48,RESIDENTIAL,0.96,True,LOCAL_DENSE
BNG-CEN-NODE-08,Bengaluru Central Zone 8,2011,12.939182853868699,77.60248349729626,21.04,654.67,-53.55,0.68,19.69,RESIDENTIAL,0.97,True,LOCAL_DENSE
BNG-CEN-NODE-08,Bengaluru Central Zone 8,2012,12.939808280358067,77.60198893667155,27.15,687.31,29.06,0.87,26.03,RESIDENTIAL,0.92,True,LOCAL_DENSE
BNG-CEN-NODE-08,Bengaluru Central Zone 8,2013,12.938662325899557,77.60359434009644,37.65,730.59,38.66,1.0,37.23,RESIDENTIAL,0.94,True,LOCAL_DENSE
BNG-CEN-NODE-08,Bengaluru Central Zone 8,2014,12.938199583104465,77.6034571453713,34.91,720.86,-7.28,1.0,34.28,RESIDENTIAL,0.98,True,LOCAL_DENSE
BNG-CEN-NODE-08,Bengaluru Central Zone 8,2015,12.938495315742204,77.60299984992788,19.51,645.41,-44.1,0.63,18.13,RESIDENTIAL,0.95,True,LOCAL_DENSE
BNG-CEN-NODE-08,Bengaluru Central Zone 8,2016,12.938790781652829,77.60213420134085,48.14,765.62,146.7,1.0,48.73,RESIDENTIAL,0.99,True,LOCAL_DENSE
BNG-CEN-NODE-08,Bengaluru Central Zone 8,2017,12.938654218138101,77.60366766426067,48.37,766.78,0.49,1.0,49.0,RESIDENTIAL,0.92,True,LOCAL_DENSE
BNG-CEN-NODE-08,Bengaluru Central Zone 8,2018,12.938587440652672,77.60212213760835,18.78,640.69,-61.17,0.6,17.39,RESIDENTIAL,0.93,True,LOCAL_DENSE
BNG-CEN-NODE-08,Bengaluru Central Zone 8,2019,12.93834948753249,77.6030057234798,54.06,783.48,187.79,1.0,55.36,RESIDENTIAL,0.92,True,LOCAL_DENSE
BNG-CEN-NODE-08,Bengaluru Central Zone 8,2020,12.939349861537895,77.603447613908,46.56,762.44,-13.88,1.0,47.03,RESIDENTIAL,0.95,True,LOCAL_DENSE
BNG-CEN-NODE-08,Bengaluru Central Zone 8,2021,12.940050088035461,77.60217222733982,43.18,752.02,-7.26,1.0,43.31,RESIDENTIAL,0.97,True,LOCAL_DENSE
BNG-CEN-NODE-08,Bengaluru Central Zone 8,2022,12.939408361500673,77.60208875235406,26.01,682.82,-39.76,0.83,24.86,RESIDENTIAL,0.9,True,LOCAL_DENSE
BNG-CEN-NODE-08,Bengaluru Central Zone 8,2023,12.93980275590328,77.6033535888276,36.08,727.23,38.71,1.0,35.59,RESIDENTIAL,0.9,True,LOCAL_DENSE
BNG-CEN-NODE-09,Bengaluru Central Zone 9,2000,12.944571530786266,77.55668721753774,9.84,1985.66,0.0,0.47,20.73,COMMERCIAL,0.99,True,LOCAL_DENSE
BNG-CEN-NODE-09,Bengaluru Central Zone 9,2001,12.944705935919753,77.55598776087663,11.75,2050.19,19.4,0.61,25.16,SUBURBAN,0.95,True,LOCAL_DENSE
BNG-CEN-NODE-09,Bengaluru Central Zone 9,2002,12.944538907626013,77.55584213250144,10.35,2005.44,-11.93,0.51,21.91,SUBURBAN,0.9,True,LOCAL_DENSE
BNG-CEN-NODE-09,Bengaluru Central Zone 9,2003,12.94489116361794,77.55627241492482,12.24,2070.15,18.2,0.63,26.32,SUBURBAN,0.97,True,LOCAL_DENSE
BNG-CEN-NODE-09,Bengaluru Central Zone 9,2004,12.944673321800675,77.55742832199091,11.8,2057.07,-3.54,0.6,25.3,SUBURBAN,0.99,True,LOCAL_DENSE
BNG-CEN-NODE-09,Bengaluru Central Zone 9,2005,12.944438888459775,77.55697737378964,10.76,2020.89,-8.85,0.53,22.86,SUBURBAN,0.9,True,LOCAL_DENSE
BNG-CEN-NODE-09,Bengaluru Central Zone 9,2006,12.944746252737946,77.55651090949827,12.5,2080.38,16.15,0.64,26.94,SUBURBAN,0.93,True,LOCAL_DENSE
BNG-CEN-NODE-09,Bengaluru Central Zone 9,2007,12.94497885674749,77.55666454420688,15.92,2177.68,27.4,0.82,35.12,SUBURBAN,0.96,True,LOCAL_DENSE
BNG-CEN-NODE-09,Bengaluru Central Zone 9,2008,12.943984396052093,77.55612475534828,49.73,2648.38,212.33,1.0,121.11,SUBURBAN,0.98,True,LOCAL_DENSE
BNG-CEN-NODE-09,Bengaluru Central Zone 9,2009,12.944687267352037,77.55694670936133,65.23,2775.3,31.18,1.0,162.67,SUBURBAN,0.94,True,LOCAL_DENSE
BNG-CEN-NODE-09,Bengaluru Central Zone 9,2010,12.943666346477366,77.55617170181885,16.31,2190.01,-75.0,0.83,36.07,SUBURBAN,0.96,True,LOCAL_DENSE
BNG-CEN-NODE-09,Bengaluru Central Zone 9,2011,12.943406727688005,77.55664703066293,21.96,2315.45,34.65,1.0,49.95,SUBURBAN,0.94,True,LOCAL_DENSE
BNG-CEN-NODE-09,Bengaluru Central Zone 9,2012,12.944811337912892,77.55768626304162,18.03,2233.21,-17.87,0.91,40.29,SUBURBAN,0.95,True,LOCAL_DENSE
BNG-CEN-NODE-09,Bengaluru Central Zone 9,2013,12.943002831211556,77.55727053902673,20.46,2287.47,13.45,1.0,46.26,SUBURBAN,0.93,True,LOCAL_DENSE
BNG-CEN-NODE-09,Bengaluru Central Zone 9,2014,12.94495747007338,77.5570407832139,26.93,2408.0,31.61,1.0,62.47,SUBURBAN,0.98,True,LOCAL_DENSE
BNG-CEN-NODE-09,Bengaluru Central Zone 9,2015,12.94417966761388,77.55591429984318,15.37,2167.37,-42.91,0.79,33.83,SUBURBAN,0.97,True,LOCAL_DENSE
BNG-CEN-NODE-09,Bengaluru Central Zone 9,2016,12.944512551384427,77.55766002548211,33.43,2508.36,117.46,1.0,79.16,SUBURBAN,0.96,True,LOCAL_DENSE
BNG-CEN-NODE-09,Bengaluru Central Zone 9,2017,12.9442357810496,77.55646086078242,34.15,2519.75,2.16,1.0,81.05,SUBURBAN,0.93,True,LOCAL_DENSE
BNG-CEN-NODE-09,Bengaluru Central Zone 9,2018,12.943206196000299,77.55638387693688,12.09,2068.39,-64.6,0.62,25.99,SUBURBAN,0.98,True,LOCAL_DENSE
BNG-CEN-NODE-09,Bengaluru Central Zone 9,2019,12.943264193107574,77.55746653958488,31.71,2488.08,162.29,1.0,74.79,SUBURBAN,0.97,True,LOCAL_DENSE
BNG-CEN-NODE-09,Bengaluru Central Zone 9,2020,12.943583314930171,77.55643634504096,17.89,2232.84,-43.6,0.9,39.95,SUBURBAN,0.94,True,LOCAL_DENSE
BNG-CEN-NODE-09,Bengaluru Central Zone 9,2021,12.94307870769415,77.55591998456411,47.5,2683.27,165.55,1.0,116.35,SUBURBAN,0.96,True,LOCAL_DENSE
BNG-CEN-NODE-09,Bengaluru Central Zone 9,2022,12.943692126616174,77.55758403584753,17.38,2220.92,-63.4,0.88,38.72,SUBURBAN,0.91,True,LOCAL_DENSE
BNG-CEN-NODE-09,Bengaluru Central Zone 9,2023,12.944208328989962,77.5561859951352,35.2,2540.92,102.5,1.0,83.89,SUBURBAN,0.98,True,LOCAL_DENSE
BNG-CEN-NODE-10,Bengaluru Central Zone 10,2000,12.934544913151413,77.61005605994684,10.98,590.38,0.0,0.5,30.36,RESIDENTIAL,0.98,True,LOCAL_DENSE
BNG-CEN-NODE-10,Bengaluru Central Zone 10,2001,12.932788016315723,77.60907428398785,11.71,597.68,6.59,0.54,32.56,RESIDENTIAL,0.93,True,LOCAL_DENSE
BNG-CEN-NODE-10,Bengaluru Central Zone 10,2002,12.932812972832243,77.60998068780451,11.98,600.48,2.35,0.56,33.41,RESIDENTIAL,0.99,True,LOCAL_DENSE
BNG-CEN-NODE-10,Bengaluru Central Zone 10,2003,12.934589309434871,77.60965211609357,13.35,612.97,11.42,0.64,37.61,RESIDENTIAL,0.92,True,LOCAL_DENSE
BNG-CEN-NODE-10,Bengaluru Central Zone 10,2004,12.934557800797018,77.60896171672776,13.41,613.74,0.47,0.64,37.81,RESIDENTIAL,0.92,True,LOCAL_DENSE
BNG-CEN-NODE-10,Bengaluru Central Zone 10,2005,12.933672602626968,77.60985348450386,12.71,607.59,-5.23,0.6,35.65,RESIDENTIAL,0.97,True,LOCAL_DENSE
BNG-CEN-NODE-10,Bengaluru Central Zone 10,2006,12.934219881688827,77.60878233355015,20.52,664.0,61.39,0.96,60.16,RESIDENTIAL,0.94,True,LOCAL_DENSE
BNG-CEN-NODE-10,Bengaluru Central Zone 10,2007,12.933573359325456,77.61021091141811,18.14,649.98,-11.58,0.86,52.62,RESIDENTIAL,0.91,True,LOCAL_DENSE
BNG-CEN-NODE-10,Bengaluru Central Zone 10,2008,12.933859302410834,77.60884935393454,16.57,639.37,-8.67,0.79,47.66,RESIDENTIAL,0.92,True,LOCAL_DENSE
BNG-CEN-NODE-10,Bengaluru Central Zone 10,2009,12.93319289781713,77.60828455192974,15.3,629.92,-7.66,0.73,43.68,RESIDENTIAL,0.96,True,LOCAL_DENSE
BNG-CEN-NODE-10,Bengaluru Central Zone 10,2010,12.934298550755349,77.6098935960419,14.06,619.79,-8.12,0.67,39.81,RESIDENTIAL,0.96,True,LOCAL_DENSE
BNG-CEN-NODE-10,Bengaluru Central Zone 10,2011,12.933778662324347,77.60849646140773,14.69,625.17,4.52,0.7,41.79,RESIDENTIAL,0.95,True,LOCAL_DENSE
BNG-CEN-NODE-10,Bengaluru Central Zone 10,2012,12.93264009014667,77.60976131762853,19.39,659.37,32.0,0.91,56.65,RESIDENTIAL,0.96,True,LOCAL_DENSE
BNG-CEN-NODE-10,Bengaluru Central Zone 10,2013,12.93364432635212,77.60857758113782,102.86,884.85,430.41,1.0,348.61,RESIDENTIAL,0.9,True,LOCAL_DENSE
BNG-CEN-NODE-10,Bengaluru Central Zone 10,2014,12.93321003923652,77.60847887342956,12.72,607.89,-87.63,0.6,35.69,RESIDENTIAL,0.93,True,LOCAL_DENSE
BNG-CEN-NODE-10,Bengaluru Central Zone 10,2015,12.933842219957972,77.6090175003643,31.54,722.77,147.84,1.0,96.48,RESIDENTIAL,0.94,True,LOCAL_DENSE
BNG-CEN-NODE-10,Bengaluru Central Zone 10,2016,12.934105196460477,77.61001109796379,20.54,667.18,-34.87,0.94,60.36,RESIDENTIAL,0.96,True,LOCAL_DENSE
BNG-CEN-NODE-10,Bengaluru Central Zone 10,2017,12.932706576182323,77.60859804816708,27.24,703.96,32.61,1.0,82.23,RESIDENTIAL,0.98,True,LOCAL_DENSE
BNG-CEN-NODE-10,Bengaluru Central Zone 10,2018,12.93398370755457,77.610142619272,35.39,739.44,29.92,1.0,109.5,RESIDENTIAL,0.96,True,LOCAL_DENSE
BNG-CEN-NODE-10,Bengaluru Central Zone 10,2019,12.934125746438918,77.60916415528743,77.06,851.94,117.76,1.0,256.09,RESIDENTIAL,0.97,True,LOCAL_DENSE
BNG-CEN-NODE-10,Bengaluru Central Zone 10,2020,12.933280991759856,77.6098249714501,44.42,771.91,-42.36,1.0,140.45,RESIDENTIAL,0.96,True,LOCAL_DENSE
BNG-CEN-NODE-10,Bengaluru Central Zone 10,2021,12.93280911876656,77.60861214999028,54.36,801.5,22.38,1.0,175.17,RESIDENTIAL,0.93,True,LOCAL_DENSE
BNG-CEN-NODE-10,Bengaluru Central Zone 10,2022,12.933199898902826,77.60856095625176,36.35,744.35,-33.13,1.0,112.86,RESIDENTIAL,0.93,True,LOCAL_DENSE
BNG-CEN-NODE-10,Bengaluru Central Zone 10,2023,12.933638437144197,77.60995697834036,15.45,631.7,-57.49,0.74,44.18,RESIDENTIAL,0.96,True,LOCAL_DENSE
BNG-CEN-NODE-11,Bengaluru Central Zone 11,2000,12.94033216862139,77.58738734178677,4.12,1821.44,0.0,0.25,17.98,INDUSTRIAL,0.97,True,LOCAL_DENSE
BNG-CEN-NODE-11,Bengaluru Central Zone 11,2001,12.939699669237532,77.58917384222211,4.39,1843.85,6.56,0.3,19.28,INDUSTRIAL,0.98,True,LOCAL_DENSE
BNG-CEN-NODE-11,Bengaluru Central Zone 11,2002,12.940507689082684,77.5881093241234,5.3,1908.29,20.59,0.44,23.65,INDUSTRIAL,0.97,True,LOCAL_DENSE
BNG-CEN-NODE-11,Bengaluru Central Zone 11,2003,12.940768156977537,77.58899709761928,4.87,1880.67,-8.18,0.37,21.56,INDUSTRIAL,0.97,True,LOCAL_DENSE
BNG-CEN-NODE-11,Bengaluru Central Zone 11,2004,12.940540631415711,77.58859267038837,5.13,1900.34,5.52,0.41,22.87,INDUSTRIAL,0.92,True,LOCAL_DENSE
BNG-CEN-NODE-11,Bengaluru Central Zone 11,2005,12.940795799234953,77.58755248602364,4.7,1868.56,-8.55,0.34,20.74,INDUSTRIAL,0.9,True,LOCAL_DENSE
BNG-CEN-NODE-11,Bengaluru Central Zone 11,2006,12.939604760879783,77.58812573066713,5.24,1908.8,11.65,0.42,23.4,INDUSTRIAL,0.9,True,LOCAL_DENSE
BNG-CEN-NODE-11,Bengaluru Central Zone 11,2007,12.940658246190452,77.58746213334196,5.38,1918.53,2.6,0.44,24.07,INDUSTRIAL,0.96,True,LOCAL_DENSE
BNG-CEN-NODE-11,Bengaluru Central Zone 11,2008,12.940192992936769,77.58748832033832,5.25,1909.52,-2.49,0.42,23.42,INDUSTRIAL,0.93,True,LOCAL_DENSE
BNG-CEN-NODE-11,Bengaluru Central Zone 11,2009,12.940646449083108,77.58911881609751,5.72,1941.67,9.0,0.48,25.74,INDUSTRIAL,0.95,True,LOCAL_DENSE
BNG-CEN-NODE-11,Bengaluru Central Zone 11,2010,12.941210509939168,77.58726769102361,7.56,2047.25,32.2,0.69,34.94,INDUSTRIAL,0.94,True,LOCAL_DENSE
BNG-CEN-NODE-11,Bengaluru Central Zone 11,2011,12.94053572418201,77.58809266537445,6.07,1964.63,-19.7,0.52,27.49,INDUSTRIAL,0.96,True,LOCAL_DENSE
BNG-CEN-NODE-11,Bengaluru Central Zone 11,2012,12.940742808755417,77.58748716029285,7.35,2037.73,21.04,0.66,33.88,INDUSTRIAL,0.98,True,LOCAL_DENSE
BNG-CEN-NODE-11,Bengaluru Central Zone 11,2013,12.939733398979719,77.58838731595651,5.09,1898.63,-30.78,0.4,22.64,INDUSTRIAL,0.98,True,LOCAL_DENSE
BNG-CEN-NODE-11,Bengaluru Central Zone 11,2014,12.940795700474709,77.58900015829637,11.64,2221.4,128.78,1.0,56.04,INDUSTRIAL,0.91,True,LOCAL_DENSE
BNG-CEN-NODE-11,Bengaluru Central Zone 11,2015,12.939539630898258,77.58906255483186,5.5,1927.78,-52.77,0.45,24.65,INDUSTRIAL,0.9,True,LOCAL_DENSE
BNG-CEN-NODE-11,Bengaluru Central Zone 11,2016,12.940571485577095,77.58824603014087,11.58,2221.91,110.76,1.0,55.79,INDUSTRIAL,0.96,True,LOCAL_DENSE
BNG-CEN-NODE-11,Bengaluru Central Zone 11,2017,12.939289040638965,77.58802338790802,10.02,2163.33,-13.52,0.89,47.6,INDUSTRIAL,0.91,True,LOCAL_DENSE
BNG-CEN-NODE-11,Bengaluru Central Zone 11,2018,12.94025196470956,77.58788578350438,12.24,2246.89,22.23,1.0,59.3,INDUSTRIAL,0.93,True,LOCAL_DENSE
BNG-CEN-NODE-11,Bengaluru Central Zone 11,2019,12.940554676219215,77.58865247995051,92.38,3205.07,654.62,1.0,535.4,INDUSTRIAL,0.91,True,LOCAL_DENSE
BNG-CEN-NODE-11,Bengaluru Central Zone 11,2020,12.940965802652126,77.58909146958533,11.56,2224.5,-87.49,0.99,55.71,INDUSTRIAL,0.96,True,LOCAL_DENSE
BNG-CEN-NODE-11,Bengaluru Central Zone 11,2021,12.939463057429624,77.58826051725677,17.37,2400.54,50.21,1.0,86.95,INDUSTRIAL,0.97,True,LOCAL_DENSE
BNG-CEN-NODE-11,Bengaluru Central Zone 11,2022,12.940263224765364,77.58748218532523,11.77,2233.27,-32.23,1.0,56.83,INDUSTRIAL,0.91,True,LOCAL_DENSE
BNG-CEN-NODE-11,Bengaluru Central Zone 11,2023,12.941071403804054,77.58731008854963,5.39,1920.71,-54.22,0.44,24.12,INDUSTRIAL,0.95,True,LOCAL_DENSE
BNG-CEN-NODE-12,Bengaluru Central Zone 12,2000,13.000576568644348,77.63225089249322,11.29,1025.98,0.0,0.13,17.68,COMMERCIAL,0.95,True,LOCAL_DENSE
BNG-CEN-NODE-12,Bengaluru Central Zone 12,2001,13.001397655824201,77.63119781663099,11.45,1028.85,1.42,0.14,17.95,COMMERCIAL,0.94,True,LOCAL_DENSE
BNG-CEN-NODE-12,Bengaluru Central Zone 12,2002,13.000050292928282,77.63246052777271,12.46,1045.88,8.86,0.21,19.7,COMMERCIAL,0.96,True,LOCAL_DENSE
BNG-CEN-NODE-12,Bengaluru Central Zone 12,2003,13.00142957043966,77.63070640180675,17.07,1107.33,36.99,0.44,27.78,COMMERCIAL,0.92,True,LOCAL_DENSE
BNG-CEN-NODE-12,Bengaluru Central Zone 12,2004,13.001393489749862,77.63180282627805,15.15,1085.5,-11.23,0.35,24.41,COMMERCIAL,0.97,True,LOCAL_DENSE
BNG-CEN-NODE-12,Bengaluru Central Zone 12,2005,13.001508570453343,77.63101474231219,14.44,1076.31,-4.68,0.31,23.17,COMMERCIAL,0.99,True,LOCAL_DENSE
BNG-CEN-NODE-12,Bengaluru Central Zone 12,2006,13.001678404476975,77.63236085781001,12.93,1053.92,-10.45,0.23,20.53,COMMERCIAL,0.96,True,LOCAL_DENSE
BNG-CEN-NODE-12,Bengaluru Central Zone 12,2007,13.001145495089029,77.63158009874607,16.9,1109.23,30.67,0.43,27.52,COMMERCIAL,0.96,True,LOCAL_DENSE
BNG-CEN-NODE-12,Bengaluru Central Zone 12,2008,13.000751185720947,77.63164442934803,12.45,1046.21,-26.31,0.2,19.7,COMMERCIAL,0.94,True,LOCAL_DENSE
BNG-CEN-NODE-12,Bengaluru Central Zone 12,2009,13.00118945364276,77.63142903314721,15.82,1095.99,27.01,0.37,25.61,COMMERCIAL,0.92,True,LOCAL_DENSE
BNG-CEN-NODE-12,Bengaluru Central Zone 12,2010,13.000429128101688,77.63235168223376,15.57,1092.88,-1.54,0.36,25.18,COMMERCIAL,0.93,True,LOCAL_DENSE
BNG-CEN-NODE-12,Bengaluru Central Zone 12,2011,13.000132745437488,77.63254896778888,13.1,1056.77,-15.88,0.24,20.82,COMMERCIAL,0.98,True,LOCAL_DENSE
BNG-CEN-NODE-12,Bengaluru Central Zone 12,2012,13.000901842842643,77.63197433901969,16.05,1099.43,22.48,0.38,26.02,COMMERCIAL,0.95,True,LOCAL_DENSE
BNG-CEN-NODE-12,Bengaluru Central Zone 12,2013,13.001669569728122,77.63062344904819,23.73,1184.52,47.91,0.67,39.95,COMMERCIAL,0.91,True,LOCAL_DENSE
BNG-CEN-NODE-12,Bengaluru Central Zone 12,2014,13.00041508696685,77.63133200419327,17.88,1122.9,-24.65,0.46,29.3,COMMERCIAL,0.98,True,LOCAL_DENSE
BNG-CEN-NODE-12,Bengaluru Central Zone 12,2015,13.001741097066601,77.63088976706035,35.46,1276.93,98.26,0.97,61.98,COMMERCIAL,0.94,True,LOCAL_DENSE
BNG-CEN-NODE-12,Bengaluru Central Zone 12,2016,13.000436260920964,77.63139679303298,20.38,1151.77,-42.51,0.56,33.83,COMMERCIAL,0.94,True,LOCAL_DENSE
BNG-CEN-NODE-12,Bengaluru Central Zone 12,2017,13.000195617341598,77.63122423143294,32.44,1257.51,59.13,0.9,56.26,COMMERCIAL,0.93,True,LOCAL_DENSE
BNG-CEN-NODE-12,Bengaluru Central Zone 12,2018,13.001558670992027,77.63139697108933,40.16,1308.78,23.81,1.0,71.07,COMMERCIAL,0.98,True,LOCAL_DENSE
BNG-CEN-NODE-12,Bengaluru Central Zone 12,2019,13.000739953616261,77.63103548262168,21.63,1165.49,-46.13,0.6,36.12,COMMERCIAL,0.97,True,LOCAL_DENSE
BNG-CEN-NODE-12,Bengaluru Central Zone 12,2020,12.999981308443965,77.63151689218651,31.17,1249.54,44.09,0.86,53.89,COMMERCIAL,0.96,True,LOCAL_DENSE
BNG-CEN-NODE-12,Bengaluru Central Zone 12,2021,13.00097453241821,77.63160240381694,39.44,1306.27,26.53,1.0,69.72,COMMERCIAL,0.92,True,LOCAL_DENSE
BNG-CEN-NODE-12,Bengaluru Central Zone 12,2022,13.001215932728442,77.63102773385485,40.53,1313.44,2.76,1.0,71.85,COMMERCIAL,0.97,True,LOCAL_DENSE
BNG-CEN-NODE-12,Bengaluru Central Zone 12,2023,13.000020627336715,77.63231940165484,190.82,1736.27,370.81,1.0,389.36,COMMERCIAL,0.95,True,LOCAL_DENSE
BNG-CEN-NODE-13,Bengaluru Central Zone 13,2000,12.969816192570102,77.57744024909557,12.1,1005.51,0.0,0.23,35.4,COMMERCIAL,0.92,True,LOCAL_DENSE
BNG-CEN-NODE-13,Bengaluru Central Zone 13,2001,12.967839419251016,77.57729953224107,12.35,1009.52,2.04,0.24,36.19,COMMERCIAL,0.97,True,LOCAL_DENSE
BNG-CEN-NODE-13,Bengaluru Central Zone 13,2002,12.969436080674924,77.57889492120911,13.32,1024.41,7.86,0.3,39.33,COMMERCIAL,0.94,True,LOCAL_DENSE
BNG-CEN-NODE-13,Bengaluru Central Zone 13,2003,12.969669768414613,77.57776096165207,14.56,1042.01,9.32,0.36,43.36,COMMERCIAL,0.93,True,LOCAL_DENSE
BNG-CEN-NODE-13,Bengaluru Central Zone 13,2004,12.969039496061294,77.57851493000176,15.43,1053.72,5.95,0.4,46.2,COMMERCIAL,0.94,True,LOCAL_DENSE
BNG-CEN-NODE-13,Bengaluru Central Zone 13,2005,12.96922878479935,77.57893259078386,12.81,1016.98,-16.94,0.27,37.7,COMMERCIAL,0.95,True,LOCAL_DENSE
BNG-CEN-NODE-13,Bengaluru Central Zone 13,2006,12.96923488653134,77.57720427245745,17.15,1075.58,33.85,0.48,51.89,COMMERCIAL,0.97,True,LOCAL_DENSE
BNG-CEN-NODE-13,Bengaluru Central Zone 13,2007,12.969668484602055,77.57903508603144,19.85,1105.67,15.78,0.59,60.92,COMMERCIAL,0.91,True,LOCAL_DENSE
BNG-CEN-NODE-13,Bengaluru Central Zone 13,2008,12.9681207600669,77.57830723656018,15.58,1056.65,-21.52,0.41,46.73,COMMERCIAL,0.96,True,LOCAL_DENSE
BNG-CEN-NODE-13,Bengaluru Central Zone 13,2009,12.969100862984295,77.57749762309987,15.75,1058.94,1.07,0.41,47.28,COMMERCIAL,0.95,True,LOCAL_DENSE
BNG-CEN-NODE-13,Bengaluru Central Zone 13,2010,12.967996564659991,77.57780963714302,14.64,1044.06,-7.05,0.36,43.64,COMMERCIAL,0.98,True,LOCAL_DENSE
BNG-CEN-NODE-13,Bengaluru Central Zone 13,2011,12.9687677442842,77.57824380547429,29.07,1188.49,98.58,0.87,92.48,COMMERCIAL,0.91,True,LOCAL_DENSE
BNG-CEN-NODE-13,Bengaluru Central Zone 13,2012,12.96981159656261,77.57715840198914,18.2,1089.26,-37.38,0.52,55.43,COMMERCIAL,0.96,True,LOCAL_DENSE
BNG-CEN-NODE-13,Bengaluru Central Zone 13,2013,12.969635890376152,77.57810061066152,32.02,1211.28,75.93,0.93,102.86,COMMERCIAL,0.98,True,LOCAL_DENSE
BNG-CEN-NODE-13,Bengaluru Central Zone 13,2014,12.968946755455507,77.578990966961,24.71,1154.89,-22.84,0.74,77.48,COMMERCIAL,0.9,True,LOCAL_DENSE
BNG-CEN-NODE-13,Bengaluru Central Zone 13,2015,12.968706102654878,77.5777204426716,26.96,1174.34,9.11,0.8,85.26,COMMERCIAL,0.94,True,LOCAL_DENSE
BNG-CEN-NODE-13,Bengaluru Central Zone 13,2016,12.969015688250709,77.57768529620955,18.17,1089.33,-32.61,0.52,55.33,COMMERCIAL,0.93,True,LOCAL_DENSE
BNG-CEN-NODE-13,Bengaluru Central Zone 13,2017,12.968596423887513,77.57727653372899,23.17,1141.67,27.53,0.69,72.24,COMMERCIAL,0.91,True,LOCAL_DENSE
BNG-CEN-NODE-13,Bengaluru Central Zone 13,2018,12.969284581738206,77.57772405171818,28.38,1186.75,22.47,0.84,90.21,COMMERCIAL,0.95,True,LOCAL_DENSE
BNG-CEN-NODE-13,Bengaluru Central Zone 13,2019,12.969175726661948,77.57875357456041,31.89,1213.52,12.39,0.92,102.53,COMMERCIAL,0.92,True,LOCAL_DENSE
BNG-CEN-NODE-13,Bengaluru Central Zone 13,2020,12.96872867928401,77.57760644850413,329.03,1831.83,931.63,1.0,1302.15,COMMERCIAL,0.97,True,LOCAL_DENSE
BNG-CEN-NODE-13,Bengaluru Central Zone 13,2021,12.969465864344306,77.57776819618982,18.99,1099.05,-94.23,0.55,58.08,COMMERCIAL,0.93,True,LOCAL_DENSE
BNG-CEN-NODE-13,Bengaluru Central Zone 13,2022,12.969174012965196,77.57761482443127,650.68,2059.81,3326.73,1.0,2732.48,SUBURBAN,0.97,True,LOCAL_DENSE
BNG-CEN-NODE-13,Bengaluru Central Zone 13,2023,12.967984891973662,77.57718101422999,63.45,1381.3,-90.25,1.0,217.68,COMMERCIAL,0.94,True,LOCAL_DENSE
BNG-CEN-NODE-14,Bengaluru Central Zone 14,2000,12.934067844464243,77.56416426938917,5.76,2766.23,0.0,0.15,47.73,SUBURBAN,0.95,True,LOCAL_DENSE
BNG-CEN-NODE-14,Bengaluru Central Zone 14,2001,12.934780401623133,77.5636973779572,5.92,2781.0,2.74,0.17,49.17,SUBURBAN,0.97,True,LOCAL_DENSE
BNG-CEN-NODE-14,Bengaluru Central Zone 14,2002,12.935534719812695,77.56313799523718,6.33,2817.29,6.93,0.22,52.92,SUBURBAN,0.96,True,LOCAL_DENSE
BNG-CEN-NODE-14,Bengaluru Central Zone 14,2003,12.934214960738279,77.5632625017911,6.51,2833.54,2.96,0.24,54.64,SUBURBAN,0.95,True,LOCAL_DENSE
BNG-CEN-NODE-14,Bengaluru Central Zone 14,2004,12.935649995030682,77.56296910929402,6.79,2856.28,4.18,0.27,57.15,SUBURBAN,0.91,True,LOCAL_DENSE
BNG-CEN-NODE-14,Bengaluru Central Zone 14,2005,12.9341137753783,77.56250722716848,7.44,2907.3,9.67,0.34,63.24,SUBURBAN,0.94,True,LOCAL_DENSE
BNG-CEN-NODE-14,Bengaluru Central Zone 14,2006,12.935945728444997,77.56294053642095,7.15,2886.19,-3.87,0.31,60.56,SUBURBAN,0.99,True,LOCAL_DENSE
BNG-CEN-NODE-14,Bengaluru Central Zone 14,2007,12.93507004410383,77.56259057485713,7.56,2916.99,5.62,0.34,64.31,SUBURBAN,0.96,True,LOCAL_DENSE
BNG-CEN-NODE-14,Bengaluru Central Zone 14,2008,12.934821197329853,77.56281763594652,7.8,2935.16,3.21,0.37,66.58,SUBURBAN,0.92,True,LOCAL_DENSE
BNG-CEN-NODE-14,Bengaluru Central Zone 14,2009,12.935472200217621,77.56349929195663,9.1,3022.82,16.65,0.48,78.82,SUBURBAN,0.94,True,LOCAL_DENSE
BNG-CEN-NODE-14,Bengaluru Central Zone 14,2010,12.935759994576129,77.56250867855616,9.78,3065.36,7.54,0.53,85.36,SUBURBAN,0.93,True,LOCAL_DENSE
BNG-CEN-NODE-14,Bengaluru Central Zone 14,2011,12.934103395899562,77.56306139277301,7.32,2900.42,-25.16,0.32,62.13,SUBURBAN,0.94,True,LOCAL_DENSE
BNG-CEN-NODE-14,Bengaluru Central Zone 14,2012,12.935249073305265,77.56317103652816,8.92,3013.76,21.89,0.46,77.2,SUBURBAN,0.98,True,LOCAL_DENSE
BNG-CEN-NODE-14,Bengaluru Central Zone 14,2013,12.93574140468711,77.56415607431683,9.93,3076.1,11.22,0.54,86.75,SUBURBAN,0.98,True,LOCAL_DENSE
BNG-CEN-NODE-14,Bengaluru Central Zone 14,2014,12.935386531510012,77.56312263199098,9.91,3075.49,-0.2,0.54,86.57,SUBURBAN,0.91,True,LOCAL_DENSE
BNG-CEN-NODE-14,Bengaluru Central Zone 14,2015,12.934354072261828,77.56280966222671,14.65,3311.56,47.89,0.83,132.87,SUBURBAN,0.98,True,LOCAL_DENSE
BNG-CEN-NODE-14,Bengaluru Central Zone 14,2016,12.935809013867312,77.56407512974296,12.22,3202.07,-16.57,0.69,108.99,SUBURBAN,0.93,True,LOCAL_DENSE
BNG-CEN-NODE-14,Bengaluru Central Zone 14,2017,12.935368009961003,77.56417866449593,15.71,3357.66,28.54,0.87,143.46,SUBURBAN,0.97,True,LOCAL_DENSE
BNG-CEN-NODE-14,Bengaluru Central Zone 14,2018,12.935536775825122,77.56341416675671,17.23,3417.39,9.69,0.94,158.77,SUBURBAN,0.91,True,LOCAL_DENSE
BNG-CEN-NODE-14,Bengaluru Central Zone 14,2019,12.935329286386445,77.5637996000627,50.89,4156.92,195.3,1.0,517.49,URBAN,0.98,True,LOCAL_DENSE
BNG-CEN-NODE-14,Bengaluru Central Zone 14,2020,12.934913602668852,77.56408009362687,17.45,3427.97,-65.71,0.95,161.0,SUBURBAN,0.97,True,LOCAL_DENSE
BNG-CEN-NODE-14,Bengaluru Central Zone 14,2021,12.934524024119552,77.56333541500327,10.97,3139.57,-37.1,0.61,96.9,SUBURBAN,0.99,True,LOCAL_DENSE
BNG-CEN-NODE-14,Bengaluru Central Zone 14,2022,12.935080887061343,77.56408953434396,18.04,3451.7,64.36,0.97,167.02,SUBURBAN,0.96,True,LOCAL_DENSE
BNG-CEN-NODE-14,Bengaluru Central Zone 14,2023,12.935331327267539,77.56248973442632,9.81,3072.38,-45.64,0.53,85.65,SUBURBAN,0.97,True,LOCAL_DENSE
BNG-CEN-NODE-15,Bengaluru Central Zone 15,2000,13.010029403753872,77.61413182832139,4.1,4268.75,0.0,0.2,28.32,URBAN,0.94,True,LOCAL_DENSE
BNG-CEN-NODE-15,Bengaluru Central Zone 15,2001,13.010728265032737,77.61495779261851,4.42,4331.18,7.89,0.25,30.78,URBAN,0.95,True,LOCAL_DENSE
BNG-CEN-NODE-15,Bengaluru Central Zone 15,2002,13.01001477188212,77.61458279460983,4.64,4372.0,4.92,0.29,32.45,URBAN,0.91,True,LOCAL_DENSE
BNG-CEN-NODE-15,Bengaluru Central Zone 15,2003,13.010440250793307,77.61461287827782,4.75,4393.11,2.42,0.3,33.31,URBAN,0.97,True,LOCAL_DENSE
BNG-CEN-NODE-15,Bengaluru Central Zone 15,2004,13.010971013829286,77.61504876102751,5.14,4458.91,8.06,0.36,36.27,URBAN,0.98,True,LOCAL_DENSE
BNG-CEN-NODE-15,Bengaluru Central Zone 15,2005,13.011055613331024,77.61427082167359,5.95,4584.2,15.86,0.47,42.61,URBAN,0.97,True,LOCAL_DENSE
BNG-CEN-NODE-15,Bengaluru Central Zone 15,2006,13.010202881849711,77.61391626556166,5.44,4509.91,-8.6,0.4,38.62,URBAN,0.9,True,LOCAL_DENSE
BNG-CEN-NODE-15,Bengaluru Central Zone 15,2007,13.010800657439718,77.61339675874113,4.76,4396.62,-12.46,0.3,33.38,URBAN,0.97,True,LOCAL_DENSE
BNG-CEN-NODE-15,Bengaluru Central Zone 15,2008,13.009296444110475,77.61427572372793,6.46,4661.05,35.69,0.52,46.64,URBAN,0.91,True,LOCAL_DENSE
BNG-CEN-NODE-15,Bengaluru Central Zone 15,2009,13.009811938024392,77.61340857584312,14.28,5373.15,121.06,1.0,110.77,URBAN,0.96,True,LOCAL_DENSE
BNG-CEN-NODE-15,Bengaluru Central Zone 15,2010,13.01120312460827,77.61410856070884,8.34,4891.62,-41.59,0.71,61.71,URBAN,0.98,True,LOCAL_DENSE
BNG-CEN-NODE-15,Bengaluru Central Zone 15,2011,13.010842628108174,77.61483469720383,4.85,4414.28,-41.79,0.32,34.11,URBAN,0.92,True,LOCAL_DENSE
BNG-CEN-NODE-15,Bengaluru Central Zone 15,2012,13.010253027796121,77.61410733504042,35.17,6287.67,624.46,1.0,295.41,URBAN,0.98,True,LOCAL_DENSE
BNG-CEN-NODE-15,Bengaluru Central Zone 15,2013,13.009771923864426,77.61505509330577,11.12,5165.78,-68.38,0.92,84.56,URBAN,0.94,True,LOCAL_DENSE
BNG-CEN-NODE-15,Bengaluru Central Zone 15,2014,13.011038435469304,77.61495869878905,6.86,4721.23,-38.32,0.56,49.85,URBAN,0.97,True,LOCAL_DENSE
BNG-CEN-NODE-15,Bengaluru Central Zone 15,2015,13.009644426168832,77.6150927585838,9.65,5037.38,40.7,0.81,72.47,URBAN,0.95,True,LOCAL_DENSE
BNG-CEN-NODE-15,Bengaluru Central Zone 15,2016,13.010148116629056,77.61513809551698,6.03,4606.52,-37.51,0.47,43.3,URBAN,0.98,True,LOCAL_DENSE
BNG-CEN-NODE-15,Bengaluru Central Zone 15,2017,13.009997469160734,77.61396477866377,8.17,4883.53,35.38,0.69,60.36,URBAN,0.92,True,LOCAL_DENSE
BNG-CEN-NODE-15,Bengaluru Central Zone 15,2018,13.011208865486198,77.61368866143316,14.33,5427.61,75.46,1.0,111.68,URBAN,0.9,True,LOCAL_DENSE
BNG-CEN-NODE-15,Bengaluru Central Zone 15,2019,13.01068851245822,77.61417070759329,16.56,5577.06,15.58,1.0,130.85,URBAN,0.99,True,LOCAL_DENSE
BNG-CEN-NODE-15,Bengaluru Central Zone 15,2020,13.010496895321976,77.61340744321669,18.97,5720.82,14.53,1.0,151.8,URBAN,0.99,True,LOCAL_DENSE
BNG-CEN-NODE-15,Bengaluru Central Zone 15,2021,13.01022542218315,77.61410427483507,9.23,5002.62,-51.34,0.78,69.05,URBAN,0.94,True,LOCAL_DENSE
BNG-CEN-NODE-15,Bengaluru Central Zone 15,2022,13.009979735204956,77.61499737788482,436.49,9745.76,4628.81,1.0,4574.71,URBAN,0.98,True,LOCAL_DENSE
BNG-CEN-NODE-15,Bengaluru Central Zone 15,2023,13.010041922601374,77.61351896647312,7.97,4865.1,-98.17,0.67,58.82,URBAN,0.97,True,LOCAL_DENSE
BNG-NOR-NODE-01,Bengaluru North (Hebbal) Zone 1,2000,13.041153991240286,77.63148782982613,9.83,555.29,0.0,0.2,43.79,INDUSTRIAL,0.99,True,LOCAL_DENSE
BNG-NOR-NODE-01,Bengaluru North (Hebbal) Zone 1,2001,13.042586717942054,77.62972412186292,10.25,559.91,4.35,0.23,45.88,INDUSTRIAL,0.97,True,LOCAL_DENSE
BNG-NOR-NODE-01,Bengaluru North (Hebbal) Zone 1,2002,13.042199118056914,77.63148254135179,11.3,570.33,10.15,0.3,51.01,INDUSTRIAL,0.95,True,LOCAL_DENSE
BNG-NOR-NODE-01,Bengaluru North (Hebbal) Zone 1,2003,13.04268531571642,77.62979564156714,11.03,567.94,-2.37,0.29,49.7,INDUSTRIAL,0.94,True,LOCAL_DENSE
BNG-NOR-NODE-01,Bengaluru North (Hebbal) Zone 1,2004,13.042219332122626,77.63101426704893,10.41,561.67,-5.6,0.24,46.65,INDUSTRIAL,0.98,True,LOCAL_DENSE
BNG-NOR-NODE-01,Bengaluru North (Hebbal) Zone 1,2005,13.042477411156467,77.62967313618779,12.28,579.89,17.93,0.36,55.91,INDUSTRIAL,0.99,True,LOCAL_DENSE
BNG-NOR-NODE-01,Bengaluru North (Hebbal) Zone 1,2006,13.041420855246335,77.63051825154608,12.97,586.13,5.67,0.4,59.4,INDUSTRIAL,0.97,True,LOCAL_DENSE
BNG-NOR-NODE-01,Bengaluru North (Hebbal) Zone 1,2007,13.04147092439549,77.63110563691146,11.66,574.33,-10.13,0.32,52.84,INDUSTRIAL,0.91,True,LOCAL_DENSE
BNG-NOR-NODE-01,Bengaluru North (Hebbal) Zone 1,2008,13.042158891806096,77.62986265053637,16.21,611.53,39.04,0.57,75.82,INDUSTRIAL,0.93,True,LOCAL_DENSE
BNG-NOR-NODE-01,Bengaluru North (Hebbal) Zone 1,2009,13.04152693643017,77.62963563014146,16.88,616.41,4.13,0.59,79.27,INDUSTRIAL,0.95,True,LOCAL_DENSE
BNG-NOR-NODE-01,Bengaluru North (Hebbal) Zone 1,2010,13.04242759905537,77.63027725218227,12.65,583.59,-25.08,0.38,57.78,INDUSTRIAL,0.95,True,LOCAL_DENSE
BNG-NOR-NODE-01,Bengaluru North (Hebbal) Zone 1,2011,13.04280045137474,77.62970722362635,15.74,608.69,24.45,0.54,73.43,INDUSTRIAL,0.95,True,LOCAL_DENSE
BNG-NOR-NODE-01,Bengaluru North (Hebbal) Zone 1,2012,13.041004092546975,77.63134261582687,19.65,634.83,24.82,0.7,93.62,INDUSTRIAL,0.92,True,LOCAL_DENSE
BNG-NOR-NODE-01,Bengaluru North (Hebbal) Zone 1,2013,13.041524560424023,77.63126880533665,13.3,589.47,-32.29,0.42,61.08,INDUSTRIAL,0.92,True,LOCAL_DENSE
BNG-NOR-NODE-01,Bengaluru North (Hebbal) Zone 1,2014,13.041286994328917,77.63079216982659,18.24,626.41,37.13,0.65,86.35,INDUSTRIAL,0.99,True,LOCAL_DENSE
BNG-NOR-NODE-01,Bengaluru North (Hebbal) Zone 1,2015,13.042614750462269,77.63153043859751,18.75,629.83,2.79,0.67,89.0,INDUSTRIAL,0.93,True,LOCAL_DENSE
BNG-NOR-NODE-01,Bengaluru North (Hebbal) Zone 1,2016,13.042223634172542,77.62999232702526,23.68,658.34,26.28,0.84,114.92,INDUSTRIAL,0.96,True,LOCAL_DENSE
BNG-NOR-NODE-01,Bengaluru North (Hebbal) Zone 1,2017,13.041391921736937,77.62965448145894,16.73,616.45,-29.33,0.58,78.57,INDUSTRIAL,0.92,True,LOCAL_DENSE
BNG-NOR-NODE-01,Bengaluru North (Hebbal) Zone 1,2018,13.042246800394913,77.63038769337302,37.4,717.17,123.53,1.0,189.5,INDUSTRIAL,0.98,True,LOCAL_DENSE
BNG-NOR-NODE-01,Bengaluru North (Hebbal) Zone 1,2019,13.042562855655035,77.62967977425937,39.51,724.84,5.63,1.0,201.24,INDUSTRIAL,0.97,True,LOCAL_DENSE
BNG-NOR-NODE-01,Bengaluru North (Hebbal) Zone 1,2020,13.041117901810956,77.63016241221756,20.27,639.81,-48.7,0.72,96.95,INDUSTRIAL,0.95,True,LOCAL_DENSE
BNG-NOR-NODE-01,Bengaluru North (Hebbal) Zone 1,2021,13.041431353218398,77.63109123619961,22.51,652.91,11.09,0.8,108.8,INDUSTRIAL,0.9,True,LOCAL_DENSE
BNG-NOR-NODE-01,Bengaluru North (Hebbal) Zone 1,2022,13.042296995474446,77.63089660029327,36.83,716.56,63.58,1.0,186.49,INDUSTRIAL,0.99,True,LOCAL_DENSE
BNG-NOR-NODE-01,Bengaluru North (Hebbal) Zone 1,2023,13.041169215028383,77.63071318512279,39.26,725.44,6.6,1.0,200.04,INDUSTRIAL,0.95,True,LOCAL_DENSE
BNG-NOR-NODE-02,Bengaluru North (Hebbal) Zone 2,2000,13.012894885923071,77.56492034894136,2.27,830.21,0.0,0.24,46.33,RESIDENTIAL,0.97,True,LOCAL_DENSE
BNG-NOR-NODE-02,Bengaluru North (Hebbal) Zone 2,2001,13.011908477695068,77.56641597403234,2.33,834.76,2.82,0.26,47.76,RESIDENTIAL,0.95,True,LOCAL_DENSE
BNG-NOR-NODE-02,Bengaluru North (Hebbal) Zone 2,2002,13.01350020032793,77.5650217851397,2.6,851.98,11.28,0.34,53.7,RESIDENTIAL,0.94,True,LOCAL_DENSE
BNG-NOR-NODE-02,Bengaluru North (Hebbal) Zone 2,2003,13.013379394539461,77.56488649683831,2.58,851.56,-0.44,0.33,53.45,RESIDENTIAL,0.96,True,LOCAL_DENSE
BNG-NOR-NODE-02,Bengaluru North (Hebbal) Zone 2,2004,13.013292119384923,77.56597781245553,2.64,854.85,1.94,0.35,54.59,RESIDENTIAL,0.93,True,LOCAL_DENSE
BNG-NOR-NODE-02,Bengaluru North (Hebbal) Zone 2,2005,13.013059007741436,77.56478039979397,5.64,978.01,114.14,0.94,125.12,RESIDENTIAL,0.93,True,LOCAL_DENSE
BNG-NOR-NODE-02,Bengaluru North (Hebbal) Zone 2,2006,13.013450439007276,77.56641481034524,3.98,923.17,-29.54,0.65,85.61,RESIDENTIAL,0.92,True,LOCAL_DENSE
BNG-NOR-NODE-02,Bengaluru North (Hebbal) Zone 2,2007,13.012977325567574,77.56580805032328,3.83,917.67,-3.66,0.62,82.23,RESIDENTIAL,0.93,True,LOCAL_DENSE
BNG-NOR-NODE-02,Bengaluru North (Hebbal) Zone 2,2008,13.01192999351561,77.56529981134351,4.02,926.45,4.99,0.65,86.74,RESIDENTIAL,0.92,True,LOCAL_DENSE
BNG-NOR-NODE-02,Bengaluru North (Hebbal) Zone 2,2009,13.01178519204706,77.56593165450329,2.72,860.28,-32.44,0.37,56.46,RESIDENTIAL,0.97,True,LOCAL_DENSE
BNG-NOR-NODE-02,Bengaluru North (Hebbal) Zone 2,2010,13.012370841828702,77.56575160085625,3.28,892.03,20.56,0.5,69.32,RESIDENTIAL,0.99,True,LOCAL_DENSE
BNG-NOR-NODE-02,Bengaluru North (Hebbal) Zone 2,2011,13.011848773365355,77.56547815203535,3.65,910.99,11.56,0.58,78.15,RESIDENTIAL,0.93,True,LOCAL_DENSE
BNG-NOR-NODE-02,Bengaluru North (Hebbal) Zone 2,2012,13.011827227799655,77.56650094314895,3.71,913.94,1.61,0.59,79.53,RESIDENTIAL,0.95,True,LOCAL_DENSE
BNG-NOR-NODE-02,Bengaluru North (Hebbal) Zone 2,2013,13.01193929640138,77.56657008495709,4.19,935.22,12.76,0.68,90.72,RESIDENTIAL,0.92,True,LOCAL_DENSE
BNG-NOR-NODE-02,Bengaluru North (Hebbal) Zone 2,2014,13.013216542055556,77.56546081560033,4.42,945.01,5.52,0.72,96.23,RESIDENTIAL,0.98,True,LOCAL_DENSE
BNG-NOR-NODE-02,Bengaluru North (Hebbal) Zone 2,2015,13.012144406633109,77.56629095627295,2.65,856.39,-39.95,0.35,55.01,RESIDENTIAL,0.99,True,LOCAL_DENSE
BNG-NOR-NODE-02,Bengaluru North (Hebbal) Zone 2,2016,13.011817985824425,77.56495527989343,3.77,916.95,41.93,0.6,80.79,RESIDENTIAL,0.94,True,LOCAL_DENSE
BNG-NOR-NODE-02,Bengaluru North (Hebbal) Zone 2,2017,13.013530148015482,77.56661529028132,5.77,994.44,53.12,0.91,128.85,RESIDENTIAL,0.94,True,LOCAL_DENSE
BNG-NOR-NODE-02,Bengaluru North (Hebbal) Zone 2,2018,13.011932485017207,77.56469758151135,7.32,1040.19,27.05,1.0,167.44,COMMERCIAL,0.99,True,LOCAL_DENSE
BNG-NOR-NODE-02,Bengaluru North (Hebbal) Zone 2,2019,13.012806200246024,77.5655996685855,3.85,921.02,-47.49,0.61,82.71,RESIDENTIAL,0.99,True,LOCAL_DENSE
BNG-NOR-NODE-02,Bengaluru North (Hebbal) Zone 2,2020,13.01220125307557,77.56602668231181,10.93,1120.87,184.27,1.0,259.51,COMMERCIAL,0.96,True,LOCAL_DENSE
BNG-NOR-NODE-02,Bengaluru North (Hebbal) Zone 2,2021,13.012358183676838,77.56497204870371,5.44,984.75,-50.21,0.86,121.05,RESIDENTIAL,0.98,True,LOCAL_DENSE
BNG-NOR-NODE-02,Bengaluru North (Hebbal) Zone 2,2022,13.01270448690497,77.56602831044961,8.52,1071.73,56.55,1.0,197.74,COMMERCIAL,0.98,True,LOCAL_DENSE
BNG-NOR-NODE-02,Bengaluru North (Hebbal) Zone 2,2023,13.013044297922027,77.5646958640814,8.72,1076.81,2.35,1.0,202.86,COMMERCIAL,0.98,True,LOCAL_DENSE
BNG-NOR-NODE-03,Bengaluru North (Hebbal) Zone 3,2000,13.045713463717801,77.60441547523813,14.53,800.39,0.0,0.16,38.42,RESIDENTIAL,0.95,True,LOCAL_DENSE
BNG-NOR-NODE-03,Bengaluru North (Hebbal) Zone 3,2001,13.046389980872867,77.60300609351545,15.56,810.91,7.03,0.21,41.39,RESIDENTIAL,0.99,True,LOCAL_DENSE
BNG-NOR-NODE-03,Bengaluru North (Hebbal) Zone 3,2002,13.04674493649424,77.6029780460755,16.48,820.0,5.93,0.25,44.09,RESIDENTIAL,0.97,True,LOCAL_DENSE
BNG-NOR-NODE-03,Bengaluru North (Hebbal) Zone 3,2003,13.0468317252518,77.6042061292211,17.61,830.54,6.87,0.3,47.42,RESIDENTIAL,0.97,True,LOCAL_DENSE
BNG-NOR-NODE-03,Bengaluru North (Hebbal) Zone 3,2004,13.045948919524562,77.60406682145869,18.38,837.48,4.34,0.33,49.69,RESIDENTIAL,0.95,True,LOCAL_DENSE
BNG-NOR-NODE-03,Bengaluru North (Hebbal) Zone 3,2005,13.047033062542631,77.60345335158313,16.81,823.61,-8.52,0.27,45.08,RESIDENTIAL,0.96,True,LOCAL_DENSE
BNG-NOR-NODE-03,Bengaluru North (Hebbal) Zone 3,2006,13.045937713917176,77.60331236098209,22.49,870.24,33.82,0.48,62.01,RESIDENTIAL,0.92,True,LOCAL_DENSE
BNG-NOR-NODE-03,Bengaluru North (Hebbal) Zone 3,2007,13.046210964552412,77.60335852526065,21.25,861.46,-5.55,0.44,58.27,RESIDENTIAL,0.93,True,LOCAL_DENSE
BNG-NOR-NODE-03,Bengaluru North (Hebbal) Zone 3,2008,13.045506614808579,77.60394398052169,20.76,857.95,-2.28,0.42,56.82,RESIDENTIAL,0.98,True,LOCAL_DENSE
BNG-NOR-NODE-03,Bengaluru North (Hebbal) Zone 3,2009,13.04663273019015,77.60443453898874,20.39,855.14,-1.81,0.4,55.7,RESIDENTIAL,0.96,True,LOCAL_DENSE
BNG-NOR-NODE-03,Bengaluru North (Hebbal) Zone 3,2010,13.046423324773018,77.60368991098325,25.52,892.47,25.19,0.57,71.24,RESIDENTIAL,0.94,True,LOCAL_DENSE
BNG-NOR-NODE-03,Bengaluru North (Hebbal) Zone 3,2011,13.045828078761994,77.60413039212888,22.73,873.38,-10.95,0.48,62.76,RESIDENTIAL,0.97,True,LOCAL_DENSE
BNG-NOR-NODE-03,Bengaluru North (Hebbal) Zone 3,2012,13.046108438993654,77.60336143004001,19.42,847.42,-14.57,0.37,52.81,RESIDENTIAL,0.97,True,LOCAL_DENSE
BNG-NOR-NODE-03,Bengaluru North (Hebbal) Zone 3,2013,13.045644254631934,77.60268461506655,35.36,949.41,82.11,0.81,101.82,RESIDENTIAL,0.94,True,LOCAL_DENSE
BNG-NOR-NODE-03,Bengaluru North (Hebbal) Zone 3,2014,13.047062290552065,77.60390952090273,19.49,848.17,-44.87,0.37,53.04,RESIDENTIAL,0.95,True,LOCAL_DENSE
BNG-NOR-NODE-03,Bengaluru North (Hebbal) Zone 3,2015,13.046309088668961,77.60263042276627,31.52,930.06,61.7,0.72,89.83,RESIDENTIAL,0.91,True,LOCAL_DENSE
BNG-NOR-NODE-03,Bengaluru North (Hebbal) Zone 3,2016,13.046837408017364,77.60377675344834,25.35,892.53,-19.58,0.56,70.76,RESIDENTIAL,0.97,True,LOCAL_DENSE
BNG-NOR-NODE-03,Bengaluru North (Hebbal) Zone 3,2017,13.045350323621713,77.60374872560678,32.87,937.95,29.66,0.75,94.06,RESIDENTIAL,0.97,True,LOCAL_DENSE
BNG-NOR-NODE-03,Bengaluru North (Hebbal) Zone 3,2018,13.045322685370737,77.60353478287357,32.05,933.72,-2.48,0.73,91.52,RESIDENTIAL,0.93,True,LOCAL_DENSE
BNG-NOR-NODE-03,Bengaluru North (Hebbal) Zone 3,2019,13.047004739503846,77.60307857493038,21.38,863.8,-33.3,0.44,58.71,RESIDENTIAL,0.91,True,LOCAL_DENSE
BNG-NOR-NODE-03,Bengaluru North (Hebbal) Zone 3,2020,13.046028898306743,77.60455752137473,20.6,857.57,-3.66,0.41,56.36,RESIDENTIAL,0.93,True,LOCAL_DENSE
BNG-NOR-NODE-03,Bengaluru North (Hebbal) Zone 3,2021,13.04712144766811,77.60276563766881,59.54,1049.56,189.1,1.0,180.31,COMMERCIAL,0.93,True,LOCAL_DENSE
BNG-NOR-NODE-03,Bengaluru North (Hebbal) Zone 3,2022,13.047133164831685,77.60422660938289,23.28,878.39,-60.91,0.5,64.46,RESIDENTIAL,0.93,True,LOCAL_DENSE
BNG-NOR-NODE-03,Bengaluru North (Hebbal) Zone 3,2023,13.045768347107506,77.6030692167605,20.5,856.82,-11.95,0.41,56.05,RESIDENTIAL,0.94,True,LOCAL_DENSE
BNG-NOR-NODE-04,Bengaluru North (Hebbal) Zone 4,2000,13.003296728575815,77.63094358811969,6.17,2447.77,0.0,0.33,7.23,SUBURBAN,0.97,True,LOCAL_DENSE
BNG-NOR-NODE-04,Bengaluru North (Hebbal) Zone 4,2001,13.002750033790964,77.63115822927239,6.35,2461.17,2.81,0.35,7.46,SUBURBAN,0.94,True,LOCAL_DENSE
BNG-NOR-NODE-04,Bengaluru North (Hebbal) Zone 4,2002,13.003803326469551,77.63073846601026,6.37,2463.1,0.38,0.35,7.49,SUBURBAN,0.96,True,LOCAL_DENSE
BNG-NOR-NODE-04,Bengaluru North (Hebbal) Zone 4,2003,13.002461317955024,77.6315744824205,7.06,2512.78,10.86,0.43,8.39,SUBURBAN,0.95,True,LOCAL_DENSE
BNG-NOR-NODE-04,Bengaluru North (Hebbal) Zone 4,2004,13.00331675444254,77.63059919568552,7.67,2553.03,8.63,0.49,9.18,SUBURBAN,0.98,True,LOCAL_DENSE
BNG-NOR-NODE-04,Bengaluru North (Hebbal) Zone 4,2005,13.00432002690546,77.63061387724554,7.86,2565.05,2.37,0.5,9.42,SUBURBAN,0.9,True,LOCAL_DENSE
BNG-NOR-NODE-04,Bengaluru North (Hebbal) Zone 4,2006,13.003794816733164,77.63030803156487,8.8,2621.12,12.02,0.59,10.67,SUBURBAN,0.98,True,LOCAL_DENSE
BNG-NOR-NODE-04,Bengaluru North (Hebbal) Zone 4,2007,13.004047542226548,77.63144771941745,9.55,2662.22,8.48,0.65,11.67,SUBURBAN,0.93,True,LOCAL_DENSE
BNG-NOR-NODE-04,Bengaluru North (Hebbal) Zone 4,2008,13.003769674952926,77.6312363902658,11.19,2742.64,17.19,0.76,13.88,SUBURBAN,0.94,True,LOCAL_DENSE
BNG-NOR-NODE-04,Bengaluru North (Hebbal) Zone 4,2009,13.00248800348575,77.63036982359984,10.59,2716.22,-5.37,0.72,13.07,SUBURBAN,0.99,True,LOCAL_DENSE
BNG-NOR-NODE-04,Bengaluru North (Hebbal) Zone 4,2010,13.003101595939233,77.63000090067885,10.21,2698.76,-3.56,0.69,12.56,SUBURBAN,0.91,True,LOCAL_DENSE
BNG-NOR-NODE-04,Bengaluru North (Hebbal) Zone 4,2011,13.003427959087043,77.63165014736815,9.91,2684.46,-2.9,0.67,12.16,SUBURBAN,0.97,True,LOCAL_DENSE
BNG-NOR-NODE-04,Bengaluru North (Hebbal) Zone 4,2012,13.00417391443137,77.63057943870876,12.43,2801.88,25.34,0.84,15.58,SUBURBAN,0.95,True,LOCAL_DENSE
BNG-NOR-NODE-04,Bengaluru North (Hebbal) Zone 4,2013,13.002885033798332,77.63008759492249,58.73,3678.07,372.69,1.0,84.49,SUBURBAN,0.93,True,LOCAL_DENSE
BNG-NOR-NODE-04,Bengaluru North (Hebbal) Zone 4,2014,13.002823822454735,77.63057485270926,35.04,3380.44,-40.33,1.0,48.3,SUBURBAN,0.93,True,LOCAL_DENSE
BNG-NOR-NODE-04,Bengaluru North (Hebbal) Zone 4,2015,13.003303427873432,77.63048529616168,17.71,2996.02,-49.48,1.0,22.96,SUBURBAN,0.95,True,LOCAL_DENSE
BNG-NOR-NODE-04,Bengaluru North (Hebbal) Zone 4,2016,13.00322691109378,77.62977856858467,12.91,2825.52,-27.09,0.86,16.25,SUBURBAN,0.98,True,LOCAL_DENSE
BNG-NOR-NODE-04,Bengaluru North (Hebbal) Zone 4,2017,13.002878735898257,77.63021148461429,11.77,2776.94,-8.81,0.79,14.69,SUBURBAN,0.92,True,LOCAL_DENSE
BNG-NOR-NODE-04,Bengaluru North (Hebbal) Zone 4,2018,13.003625449517386,77.63088939061558,19.23,3046.79,63.4,1.0,25.15,SUBURBAN,0.99,True,LOCAL_DENSE
BNG-NOR-NODE-04,Bengaluru North (Hebbal) Zone 4,2019,13.002596677396337,77.63141886507594,11.91,2784.05,-38.08,0.8,14.88,SUBURBAN,0.97,True,LOCAL_DENSE
BNG-NOR-NODE-04,Bengaluru North (Hebbal) Zone 4,2020,13.002445684784004,77.6299137908172,14.13,2877.09,18.66,0.92,17.96,SUBURBAN,0.98,True,LOCAL_DENSE
BNG-NOR-NODE-04,Bengaluru North (Hebbal) Zone 4,2021,13.003509883913054,77.6316897301766,8.43,2603.76,-40.34,0.55,10.19,SUBURBAN,0.94,True,LOCAL_DENSE
BNG-NOR-NODE-04,Bengaluru North (Hebbal) Zone 4,2022,13.003652012564904,77.6299090971692,12.44,2808.33,47.49,0.83,15.61,SUBURBAN,0.98,True,LOCAL_DENSE
BNG-NOR-NODE-04,Bengaluru North (Hebbal) Zone 4,2023,13.002580778443578,77.62999277185126,65.37,3816.71,425.62,1.0,95.74,SUBURBAN,0.91,True,LOCAL_DENSE
BNG-NOR-NODE-05,Bengaluru North (Hebbal) Zone 5,2000,13.013107240705287,77.58492663067334,4.37,1287.28,0.0,0.45,40.02,COMMERCIAL,0.95,True,LOCAL_DENSE
BNG-NOR-NODE-05,Bengaluru North (Hebbal) Zone 5,2001,13.012827166821266,77.58348035731949,4.58,1299.15,4.84,0.48,42.15,COMMERCIAL,0.93,True,LOCAL_DENSE
BNG-NOR-NODE-05,Bengaluru North (Hebbal) Zone 5,2002,13.013181905294626,77.58339772741618,4.72,1307.31,3.23,0.51,43.65,COMMERCIAL,0.93,True,LOCAL_DENSE
BNG-NOR-NODE-05,Bengaluru North (Hebbal) Zone 5,2003,13.013209655128186,77.58308105943745,4.74,1308.33,0.34,0.51,43.82,COMMERCIAL,0.94,True,LOCAL_DENSE
BNG-NOR-NODE-05,Bengaluru North (Hebbal) Zone 5,2004,13.012190463908823,77.58409870925102,9.18,1471.07,93.7,1.0,90.05,COMMERCIAL,0.99,True,LOCAL_DENSE
BNG-NOR-NODE-05,Bengaluru North (Hebbal) Zone 5,2005,13.013081079282951,77.58487407037562,10.9,1517.42,18.69,1.0,108.56,COMMERCIAL,0.92,True,LOCAL_DENSE
BNG-NOR-NODE-05,Bengaluru North (Hebbal) Zone 5,2006,13.013435905722888,77.58332709324036,5.39,1341.45,-50.56,0.6,50.43,COMMERCIAL,0.98,True,LOCAL_DENSE
BNG-NOR-NODE-05,Bengaluru North (Hebbal) Zone 5,2007,13.012294223336301,77.5842525196533,5.06,1325.46,-6.06,0.55,47.09,COMMERCIAL,0.98,True,LOCAL_DENSE
BNG-NOR-NODE-05,Bengaluru North (Hebbal) Zone 5,2008,13.013144684234918,77.58352287130377,5.03,1323.96,-0.6,0.55,46.78,COMMERCIAL,0.95,True,LOCAL_DENSE
BNG-NOR-NODE-05,Bengaluru North (Hebbal) Zone 5,2009,13.013560289793563,77.5843614276884,8.72,1469.28,73.33,0.95,85.44,COMMERCIAL,0.92,True,LOCAL_DENSE
BNG-NOR-NODE-05,Bengaluru North (Hebbal) Zone 5,2010,13.013506827573913,77.58315999307854,8.02,1447.4,-8.08,0.89,77.94,COMMERCIAL,0.95,True,LOCAL_DENSE
BNG-NOR-NODE-05,Bengaluru North (Hebbal) Zone 5,2011,13.011733137248548,77.58465987991126,9.4,1491.31,17.22,1.0,92.75,COMMERCIAL,0.9,True,LOCAL_DENSE
BNG-NOR-NODE-05,Bengaluru North (Hebbal) Zone 5,2012,13.012463137337624,77.58349899999475,8.52,1465.02,-9.35,0.93,83.33,COMMERCIAL,0.92,True,LOCAL_DENSE
BNG-NOR-NODE-05,Bengaluru North (Hebbal) Zone 5,2013,13.01291179925032,77.58326150566816,9.78,1503.92,14.85,1.0,96.97,COMMERCIAL,0.92,True,LOCAL_DENSE
BNG-NOR-NODE-05,Bengaluru North (Hebbal) Zone 5,2014,13.01353078498908,77.58397367938974,10.24,1517.36,4.66,1.0,101.94,COMMERCIAL,0.93,True,LOCAL_DENSE
BNG-NOR-NODE-05,Bengaluru North (Hebbal) Zone 5,2015,13.013304491221426,77.58374390344784,9.28,1490.17,-9.38,0.99,91.54,COMMERCIAL,0.93,True,LOCAL_DENSE
BNG-NOR-NODE-05,Bengaluru North (Hebbal) Zone 5,2016,13.01341619271992,77.58313850765671,5.51,1348.34,-40.56,0.61,51.75,COMMERCIAL,0.93,True,LOCAL_DENSE
BNG-NOR-NODE-05,Bengaluru North (Hebbal) Zone 5,2017,13.011681715393504,77.58336522222243,14.96,1629.87,171.25,1.0,154.39,COMMERCIAL,0.91,True,LOCAL_DENSE
BNG-NOR-NODE-05,Bengaluru North (Hebbal) Zone 5,2018,13.01361460059565,77.58473756766423,5.8,1361.88,-61.22,0.65,54.71,COMMERCIAL,0.97,True,LOCAL_DENSE
BNG-NOR-NODE-05,Bengaluru North (Hebbal) Zone 5,2019,13.011721952888834,77.58475024482955,12.09,1568.01,108.34,1.0,122.32,COMMERCIAL,0.92,True,LOCAL_DENSE
BNG-NOR-NODE-05,Bengaluru North (Hebbal) Zone 5,2020,13.012183275478703,77.58450700338678,11.28,1548.11,-6.7,1.0,113.39,COMMERCIAL,0.91,True,LOCAL_DENSE
BNG-NOR-NODE-05,Bengaluru North (Hebbal) Zone 5,2021,13.012070789890634,77.58342228692455,18.15,1692.64,60.98,1.0,190.91,COMMERCIAL,0.99,True,LOCAL_DENSE
BNG-NOR-NODE-05,Bengaluru North (Hebbal) Zone 5,2022,13.013194200264762,77.5845500880311,21.23,1743.12,16.96,1.0,226.62,COMMERCIAL,0.93,True,LOCAL_DENSE
BNG-NOR-NODE-05,Bengaluru North (Hebbal) Zone 5,2023,13.01307442787597,77.58311226508629,11.72,1560.62,-44.79,1.0,118.35,COMMERCIAL,0.93,True,LOCAL_DENSE
BNG-NOR-NODE-06,Bengaluru North (Hebbal) Zone 6,2000,13.042729113960126,77.56753688955506,14.97,1199.85,0.0,0.14,37.8,INDUSTRIAL,0.92,True,LOCAL_DENSE
BNG-NOR-NODE-06,Bengaluru North (Hebbal) Zone 6,2001,13.042109444113398,77.56782120385597,16.73,1224.97,11.69,0.22,42.66,INDUSTRIAL,0.94,True,LOCAL_DENSE
BNG-NOR-NODE-06,Bengaluru North (Hebbal) Zone 6,2002,13.041566810728698,77.56800547242194,16.73,1225.91,0.04,0.22,42.69,INDUSTRIAL,0.97,True,LOCAL_DENSE
BNG-NOR-NODE-06,Bengaluru North (Hebbal) Zone 6,2003,13.042071300906734,77.56661392786819,17.84,1241.09,6.6,0.27,45.8,INDUSTRIAL,0.93,True,LOCAL_DENSE
BNG-NOR-NODE-06,Bengaluru North (Hebbal) Zone 6,2004,13.041917939807059,77.5682594990788,18.05,1244.3,1.21,0.27,46.41,INDUSTRIAL,0.98,True,LOCAL_DENSE
BNG-NOR-NODE-06,Bengaluru North (Hebbal) Zone 6,2005,13.04119114802395,77.56654196145644,20.3,1272.33,12.42,0.36,52.76,INDUSTRIAL,0.95,True,LOCAL_DENSE
BNG-NOR-NODE-06,Bengaluru North (Hebbal) Zone 6,2006,13.041422587393473,77.56697642617144,17.3,1234.48,-14.76,0.24,44.29,INDUSTRIAL,0.98,True,LOCAL_DENSE
BNG-NOR-NODE-06,Bengaluru North (Hebbal) Zone 6,2007,13.042484847467652,77.56645154469182,18.18,1246.49,5.08,0.28,46.77,INDUSTRIAL,0.96,True,LOCAL_DENSE
BNG-NOR-NODE-06,Bengaluru North (Hebbal) Zone 6,2008,13.04269846096462,77.567617210632,26.43,1337.97,45.41,0.55,70.47,INDUSTRIAL,0.96,True,LOCAL_DENSE
BNG-NOR-NODE-06,Bengaluru North (Hebbal) Zone 6,2009,13.042466563102074,77.56712011622582,18.55,1251.52,-29.84,0.29,47.81,INDUSTRIAL,0.95,True,LOCAL_DENSE
BNG-NOR-NODE-06,Bengaluru North (Hebbal) Zone 6,2010,13.04191080095956,77.5675808301896,19.8,1267.56,6.74,0.34,51.36,INDUSTRIAL,0.91,True,LOCAL_DENSE
BNG-NOR-NODE-06,Bengaluru North (Hebbal) Zone 6,2011,13.042654310396204,77.56717935478403,31.07,1380.62,56.95,0.67,84.15,INDUSTRIAL,0.97,True,LOCAL_DENSE
BNG-NOR-NODE-06,Bengaluru North (Hebbal) Zone 6,2012,13.04110912367196,77.56740478759818,24.41,1319.97,-21.42,0.49,64.64,INDUSTRIAL,0.94,True,LOCAL_DENSE
BNG-NOR-NODE-06,Bengaluru North (Hebbal) Zone 6,2013,13.042134001750169,77.56738825252611,37.33,1429.64,52.9,0.8,102.88,INDUSTRIAL,0.94,True,LOCAL_DENSE
BNG-NOR-NODE-06,Bengaluru North (Hebbal) Zone 6,2014,13.04128881994722,77.5677615751405,28.39,1358.89,-23.96,0.6,76.26,INDUSTRIAL,0.99,True,LOCAL_DENSE
BNG-NOR-NODE-06,Bengaluru North (Hebbal) Zone 6,2015,13.042165586056893,77.56775039967103,24.52,1321.64,-13.63,0.49,64.95,INDUSTRIAL,0.95,True,LOCAL_DENSE
BNG-NOR-NODE-06,Bengaluru North (Hebbal) Zone 6,2016,13.042429765575301,77.56790456155522,21.74,1291.37,-11.33,0.4,56.93,INDUSTRIAL,0.94,True,LOCAL_DENSE
BNG-NOR-NODE-06,Bengaluru North (Hebbal) Zone 6,2017,13.041914513366544,77.56645237335091,20.05,1271.18,-7.78,0.35,52.09,INDUSTRIAL,0.98,True,LOCAL_DENSE
BNG-NOR-NODE-06,Bengaluru North (Hebbal) Zone 6,2018,13.04133147038279,77.56807566143752,36.79,1428.61,83.52,0.78,101.35,INDUSTRIAL,0.91,True,LOCAL_DENSE
BNG-NOR-NODE-06,Bengaluru North (Hebbal) Zone 6,2019,13.041551338144862,77.56682807245284,30.25,1376.79,-17.77,0.64,81.8,INDUSTRIAL,0.95,True,LOCAL_DENSE
BNG-NOR-NODE-06,Bengaluru North (Hebbal) Zone 6,2020,13.042312765765702,77.56708956436577,30.39,1378.18,0.45,0.64,82.21,INDUSTRIAL,0.96,True,LOCAL_DENSE
BNG-NOR-NODE-06,Bengaluru North (Hebbal) Zone 6,2021,13.041238973971746,77.56676938496037,22.24,1297.5,-26.8,0.42,58.39,INDUSTRIAL,0.97,True,LOCAL_DENSE
BNG-NOR-NODE-06,Bengaluru North (Hebbal) Zone 6,2022,13.041093340284213,77.56762603825146,19.51,1264.55,-12.29,0.33,50.56,INDUSTRIAL,0.93,True,LOCAL_DENSE
BNG-NOR-NODE-06,Bengaluru North (Hebbal) Zone 6,2023,13.04289441761333,77.5675006556957,77.78,1645.42,298.68,1.0,230.04,INDUSTRIAL,0.95,True,LOCAL_DENSE
BNG-NOR-NODE-07,Bengaluru North (Hebbal) Zone 7,2000,13.056310724482985,77.6196628338187,6.02,878.32,0.0,0.44,19.51,RESIDENTIAL,0.91,True,LOCAL_DENSE
BNG-NOR-NODE-07,Bengaluru North (Hebbal) Zone 7,2001,13.057036508443662,77.62006252581453,6.24,884.65,3.74,0.46,20.31,RESIDENTIAL,0.96,True,LOCAL_DENSE
BNG-NOR-NODE-07,Bengaluru North (Hebbal) Zone 7,2002,13.05611108708152,77.62025444228026,6.43,889.83,3.01,0.48,20.99,RESIDENTIAL,0.97,True,LOCAL_DENSE
BNG-NOR-NODE-07,Bengaluru North (Hebbal) Zone 7,2003,13.05667722791874,77.62041584936303,6.42,889.74,-0.09,0.48,20.97,RESIDENTIAL,0.99,True,LOCAL_DENSE
BNG-NOR-NODE-07,Bengaluru North (Hebbal) Zone 7,2004,13.05554141395525,77.61970076036498,6.74,898.09,4.89,0.52,22.09,RESIDENTIAL,0.94,True,LOCAL_DENSE
BNG-NOR-NODE-07,Bengaluru North (Hebbal) Zone 7,2005,13.055827014414142,77.62061546821674,6.62,895.11,-1.73,0.5,21.68,RESIDENTIAL,0.91,True,LOCAL_DENSE
BNG-NOR-NODE-07,Bengaluru North (Hebbal) Zone 7,2006,13.056026937026841,77.6190763876085,8.23,933.28,24.27,0.66,27.51,RESIDENTIAL,0.99,True,LOCAL_DENSE
BNG-NOR-NODE-07,Bengaluru North (Hebbal) Zone 7,2007,13.055619259137162,77.61956754902198,8.58,940.87,4.23,0.69,28.79,RESIDENTIAL,0.97,True,LOCAL_DENSE
BNG-NOR-NODE-07,Bengaluru North (Hebbal) Zone 7,2008,13.055505405635909,77.6202001956898,8.72,944.02,1.64,0.7,29.31,RESIDENTIAL,0.92,True,LOCAL_DENSE
BNG-NOR-NODE-07,Bengaluru North (Hebbal) Zone 7,2009,13.056591751585456,77.6206320928255,10.76,982.34,23.46,0.86,36.92,RESIDENTIAL,0.91,True,LOCAL_DENSE
BNG-NOR-NODE-07,Bengaluru North (Hebbal) Zone 7,2010,13.05632003564266,77.62000589484713,12.71,1013.38,18.06,0.98,44.27,COMMERCIAL,0.91,True,LOCAL_DENSE
BNG-NOR-NODE-07,Bengaluru North (Hebbal) Zone 7,2011,13.055625980036977,77.6194011906746,11.91,1001.8,-6.31,0.93,41.24,COMMERCIAL,0.93,True,LOCAL_DENSE
BNG-NOR-NODE-07,Bengaluru North (Hebbal) Zone 7,2012,13.056010358823661,77.61975043113995,14.08,1033.81,18.24,1.0,49.54,COMMERCIAL,0.96,True,LOCAL_DENSE
BNG-NOR-NODE-07,Bengaluru North (Hebbal) Zone 7,2013,13.056962281824221,77.61998056883685,9.46,959.64,-32.83,0.76,32.05,RESIDENTIAL,0.94,True,LOCAL_DENSE
BNG-NOR-NODE-07,Bengaluru North (Hebbal) Zone 7,2014,13.055542714157482,77.62018300023651,11.54,996.88,22.0,0.9,39.86,RESIDENTIAL,0.93,True,LOCAL_DENSE
BNG-NOR-NODE-07,Bengaluru North (Hebbal) Zone 7,2015,13.057027835800877,77.62068729905722,17.24,1074.85,49.43,1.0,61.85,COMMERCIAL,0.99,True,LOCAL_DENSE
BNG-NOR-NODE-07,Bengaluru North (Hebbal) Zone 7,2016,13.056974580634146,77.61896511194172,17.05,1073.17,-1.12,1.0,61.11,COMMERCIAL,0.93,True,LOCAL_DENSE
BNG-NOR-NODE-07,Bengaluru North (Hebbal) Zone 7,2017,13.056704276834452,77.61943363026491,11.7,1000.17,-31.36,0.91,40.48,COMMERCIAL,0.96,True,LOCAL_DENSE
BNG-NOR-NODE-07,Bengaluru North (Hebbal) Zone 7,2018,13.056408308427349,77.62068982813551,16.6,1068.73,41.85,1.0,59.37,COMMERCIAL,0.93,True,LOCAL_DENSE
BNG-NOR-NODE-07,Bengaluru North (Hebbal) Zone 7,2019,13.05706676813946,77.62023294254061,101.74,1474.91,513.03,1.0,428.22,COMMERCIAL,0.95,True,LOCAL_DENSE
BNG-NOR-NODE-07,Bengaluru North (Hebbal) Zone 7,2020,13.057051536458928,77.61916761111658,25.04,1154.45,-75.39,1.0,93.13,COMMERCIAL,0.99,True,LOCAL_DENSE
BNG-NOR-NODE-07,Bengaluru North (Hebbal) Zone 7,2021,13.056537876105736,77.62047348003229,22.45,1131.97,-10.35,1.0,82.67,COMMERCIAL,0.9,True,LOCAL_DENSE
BNG-NOR-NODE-07,Bengaluru North (Hebbal) Zone 7,2022,13.056164278206225,77.618861862771,18.07,1087.31,-19.52,1.0,65.2,COMMERCIAL,0.93,True,LOCAL_DENSE
BNG-NOR-NODE-07,Bengaluru North (Hebbal) Zone 7,2023,13.05649582819516,77.61957983068666,10.76,984.81,-40.46,0.85,36.93,RESIDENTIAL,0.95,True,LOCAL_DENSE
BNG-NOR-NODE-08,Bengaluru North (Hebbal) Zone 8,2000,13.070467469434844,77.59590268265305,12.61,828.68,0.0,0.44,35.14,RESIDENTIAL,0.93,True,LOCAL_DENSE
BNG-NOR-NODE-08,Bengaluru North (Hebbal) Zone 8,2001,13.069820755080805,77.59584739454843,13.29,837.16,5.39,0.48,37.22,RESIDENTIAL,0.93,True,LOCAL_DENSE
BNG-NOR-NODE-08,Bengaluru North (Hebbal) Zone 8,2002,13.068857102104236,77.59445095177635,13.05,834.36,-1.78,0.46,36.49,RESIDENTIAL,0.94,True,LOCAL_DENSE
BNG-NOR-NODE-08,Bengaluru North (Hebbal) Zone 8,2003,13.069117225734367,77.59547367593362,15.51,862.27,18.82,0.59,44.08,RESIDENTIAL,0.97,True,LOCAL_DENSE
BNG-NOR-NODE-08,Bengaluru North (Hebbal) Zone 8,2004,13.068847332555311,77.59604483268609,16.14,869.06,4.06,0.62,46.06,RESIDENTIAL,0.92,True,LOCAL_DENSE
BNG-NOR-NODE-08,Bengaluru North (Hebbal) Zone 8,2005,13.068863990875283,77.59544091093224,14.69,853.92,-8.97,0.55,41.56,RESIDENTIAL,0.9,True,LOCAL_DENSE
BNG-NOR-NODE-08,Bengaluru North (Hebbal) Zone 8,2006,13.070038095234612,77.5957000125219,19.17,898.04,30.49,0.74,55.62,RESIDENTIAL,0.91,True,LOCAL_DENSE
BNG-NOR-NODE-08,Bengaluru North (Hebbal) Zone 8,2007,13.069917584149447,77.59485815267688,21.46,917.4,11.97,0.83,62.94,RESIDENTIAL,0.94,True,LOCAL_DENSE
BNG-NOR-NODE-08,Bengaluru North (Hebbal) Zone 8,2008,13.068625053684896,77.59602299298432,17.45,882.97,-18.69,0.67,50.2,RESIDENTIAL,0.95,True,LOCAL_DENSE
BNG-NOR-NODE-08,Bengaluru North (Hebbal) Zone 8,2009,13.068833411643109,77.59570669592426,16.69,875.53,-4.39,0.64,47.79,RESIDENTIAL,0.99,True,LOCAL_DENSE
BNG-NOR-NODE-08,Bengaluru North (Hebbal) Zone 8,2010,13.069293774685683,77.59606265024708,23.36,933.32,40.02,0.88,69.1,RESIDENTIAL,0.92,True,LOCAL_DENSE
BNG-NOR-NODE-08,Bengaluru North (Hebbal) Zone 8,2011,13.069984993509811,77.59607505810756,26.76,957.52,14.54,0.98,80.18,RESIDENTIAL,0.92,True,LOCAL_DENSE
BNG-NOR-NODE-08,Bengaluru North (Hebbal) Zone 8,2012,13.068787461959287,77.59423103259552,14.76,854.94,-44.86,0.55,41.77,RESIDENTIAL,0.96,True,LOCAL_DENSE
BNG-NOR-NODE-08,Bengaluru North (Hebbal) Zone 8,2013,13.069960906335337,77.59473803419591,18.85,896.76,27.75,0.73,54.65,RESIDENTIAL,0.92,True,LOCAL_DENSE
BNG-NOR-NODE-08,Bengaluru North (Hebbal) Zone 8,2014,13.069497861781544,77.59486845306384,21.2,917.32,12.45,0.81,62.15,RESIDENTIAL,0.98,True,LOCAL_DENSE
BNG-NOR-NODE-08,Bengaluru North (Hebbal) Zone 8,2015,13.068701976781943,77.59448141678202,33.05,997.57,55.89,1.0,101.06,RESIDENTIAL,0.98,True,LOCAL_DENSE
BNG-NOR-NODE-08,Bengaluru North (Hebbal) Zone 8,2016,13.069661355095665,77.5945976630577,39.96,1033.66,20.91,1.0,124.4,COMMERCIAL,0.94,True,LOCAL_DENSE
BNG-NOR-NODE-08,Bengaluru North (Hebbal) Zone 8,2017,13.06944577761437,77.59613382757172,40.85,1038.45,2.24,1.0,127.48,COMMERCIAL,0.91,True,LOCAL_DENSE
BNG-NOR-NODE-08,Bengaluru North (Hebbal) Zone 8,2018,13.069334531527758,77.5953187700234,26.48,957.81,-35.17,0.97,79.35,RESIDENTIAL,0.91,True,LOCAL_DENSE
BNG-NOR-NODE-08,Bengaluru North (Hebbal) Zone 8,2019,13.069059317388959,77.59421764189139,51.22,1083.73,93.38,1.0,163.28,COMMERCIAL,0.96,True,LOCAL_DENSE
BNG-NOR-NODE-08,Bengaluru North (Hebbal) Zone 8,2020,13.070467619346605,77.59531493786973,834.15,1741.05,1528.72,1.0,3380.75,COMMERCIAL,0.95,True,LOCAL_DENSE
BNG-NOR-NODE-08,Bengaluru North (Hebbal) Zone 8,2021,13.07020994443307,77.59426964797981,52.1,1088.38,-93.75,1.0,166.46,COMMERCIAL,0.94,True,LOCAL_DENSE
BNG-NOR-NODE-08,Bengaluru North (Hebbal) Zone 8,2022,13.0686765047369,77.594797658886,25.68,952.77,-50.71,0.95,76.74,RESIDENTIAL,0.96,True,LOCAL_DENSE
BNG-NOR-NODE-08,Bengaluru North (Hebbal) Zone 8,2023,13.068903954705043,77.59598372005699,61.2,1122.34,138.32,1.0,198.57,COMMERCIAL,0.96,True,LOCAL_DENSE
BNG-NOR-NODE-09,Bengaluru North (Hebbal) Zone 9,2000,12.997874030625319,77.58300169049681,5.68,3284.0,0.0,0.41,45.48,SUBURBAN,0.99,True,LOCAL_DENSE
BNG-NOR-NODE-09,Bengaluru North (Hebbal) Zone 9,2001,12.998365380232233,77.58339905150052,6.08,3327.52,7.1,0.46,49.03,SUBURBAN,0.92,True,LOCAL_DENSE
BNG-NOR-NODE-09,Bengaluru North (Hebbal) Zone 9,2002,12.998305281571822,77.5822336460897,6.56,3376.52,7.94,0.51,53.32,SUBURBAN,0.98,True,LOCAL_DENSE
BNG-NOR-NODE-09,Bengaluru North (Hebbal) Zone 9,2003,12.997296923585786,77.58264576886964,6.79,3399.6,3.48,0.54,55.36,SUBURBAN,0.93,True,LOCAL_DENSE
BNG-NOR-NODE-09,Bengaluru North (Hebbal) Zone 9,2004,12.998636621982419,77.58355718460616,7.18,3437.0,5.82,0.58,58.91,SUBURBAN,0.97,True,LOCAL_DENSE
BNG-NOR-NODE-09,Bengaluru North (Hebbal) Zone 9,2005,12.998000062144214,77.58348902795227,6.83,3405.01,-4.96,0.54,55.72,SUBURBAN,0.93,True,LOCAL_DENSE
BNG-NOR-NODE-09,Bengaluru North (Hebbal) Zone 9,2006,12.997712324825416,77.58369682807435,6.74,3397.0,-1.28,0.53,54.94,SUBURBAN,0.96,True,LOCAL_DENSE
BNG-NOR-NODE-09,Bengaluru North (Hebbal) Zone 9,2007,12.99820159992985,77.58340617720962,8.08,3517.34,19.91,0.66,67.05,SUBURBAN,0.91,True,LOCAL_DENSE
BNG-NOR-NODE-09,Bengaluru North (Hebbal) Zone 9,2008,12.998823789373885,77.58275803128645,6.23,3345.17,-22.95,0.48,50.37,SUBURBAN,0.91,True,LOCAL_DENSE
BNG-NOR-NODE-09,Bengaluru North (Hebbal) Zone 9,2009,12.998265451767773,77.58254134354678,10.65,3705.45,70.98,0.87,90.66,SUBURBAN,0.96,True,LOCAL_DENSE
BNG-NOR-NODE-09,Bengaluru North (Hebbal) Zone 9,2010,12.997512256194712,77.58384213283394,10.79,3716.17,1.3,0.87,91.97,SUBURBAN,0.97,True,LOCAL_DENSE
BNG-NOR-NODE-09,Bengaluru North (Hebbal) Zone 9,2011,12.998565390545295,77.5835665671661,8.98,3591.95,-16.7,0.74,75.31,SUBURBAN,0.93,True,LOCAL_DENSE
BNG-NOR-NODE-09,Bengaluru North (Hebbal) Zone 9,2012,12.99915485901497,77.58392854537308,9.08,3599.69,1.04,0.75,76.18,SUBURBAN,0.96,True,LOCAL_DENSE
BNG-NOR-NODE-09,Bengaluru North (Hebbal) Zone 9,2013,12.998464286520026,77.58281122969504,12.85,3844.19,41.58,1.0,111.47,SUBURBAN,0.94,True,LOCAL_DENSE
BNG-NOR-NODE-09,Bengaluru North (Hebbal) Zone 9,2014,12.998860802114589,77.58246009166406,8.88,3585.88,-30.88,0.73,74.41,SUBURBAN,0.97,True,LOCAL_DENSE
BNG-NOR-NODE-09,Bengaluru North (Hebbal) Zone 9,2015,12.997737955676108,77.58259363689685,11.57,3771.92,30.25,0.92,99.4,SUBURBAN,0.91,True,LOCAL_DENSE
BNG-NOR-NODE-09,Bengaluru North (Hebbal) Zone 9,2016,12.998326515817606,77.5829441301448,13.94,3907.73,20.51,1.0,121.94,SUBURBAN,0.93,True,LOCAL_DENSE
BNG-NOR-NODE-09,Bengaluru North (Hebbal) Zone 9,2017,12.99832920089168,77.58354341449095,20.36,4193.17,46.03,1.0,184.48,URBAN,0.98,True,LOCAL_DENSE
BNG-NOR-NODE-09,Bengaluru North (Hebbal) Zone 9,2018,12.998996682033294,77.58369932968564,13.57,3890.27,-33.35,1.0,118.4,SUBURBAN,0.9,True,LOCAL_DENSE
BNG-NOR-NODE-09,Bengaluru North (Hebbal) Zone 9,2019,12.998580044795228,77.58288971838573,7.92,3508.27,-41.61,0.65,65.64,SUBURBAN,0.92,True,LOCAL_DENSE
BNG-NOR-NODE-09,Bengaluru North (Hebbal) Zone 9,2020,12.999050142314424,77.58199393244297,14.12,3921.28,78.14,1.0,123.64,SUBURBAN,0.95,True,LOCAL_DENSE
BNG-NOR-NODE-09,Bengaluru North (Hebbal) Zone 9,2021,12.998254642793352,77.5838584939268,10.09,3677.49,-28.54,0.82,85.55,SUBURBAN,0.91,True,LOCAL_DENSE
BNG-NOR-NODE-09,Bengaluru North (Hebbal) Zone 9,2022,12.999104093517609,77.58353790596807,13.98,3916.03,38.64,1.0,122.41,SUBURBAN,0.98,True,LOCAL_DENSE
BNG-NOR-NODE-09,Bengaluru North (Hebbal) Zone 9,2023,12.998027663150232,77.58299954631394,17.46,4085.2,24.84,1.0,156.09,URBAN,0.96,True,LOCAL_DENSE
BNG-NOR-NODE-10,Bengaluru North (Hebbal) Zone 10,2000,13.00803001063721,77.57475769059299,7.47,1713.71,0.0,0.21,41.53,COMMERCIAL,0.96,True,LOCAL_DENSE
BNG-NOR-NODE-10,Bengaluru North (Hebbal) Zone 10,2001,13.007805932903002,77.57457635429363,7.87,1731.06,5.33,0.25,43.97,COMMERCIAL,0.98,True,LOCAL_DENSE
BNG-NOR-NODE-10,Bengaluru North (Hebbal) Zone 10,2002,13.007180977974098,77.57424816608771,7.92,1733.44,0.63,0.26,44.27,COMMERCIAL,0.95,True,LOCAL_DENSE
BNG-NOR-NODE-10,Bengaluru North (Hebbal) Zone 10,2003,13.00694952917449,77.57397937890792,8.57,1760.17,8.24,0.31,48.29,COMMERCIAL,0.98,True,LOCAL_DENSE
BNG-NOR-NODE-10,Bengaluru North (Hebbal) Zone 10,2004,13.006651669305695,77.57452843442742,8.97,1776.0,4.71,0.35,50.79,COMMERCIAL,0.91,True,LOCAL_DENSE
BNG-NOR-NODE-10,Bengaluru North (Hebbal) Zone 10,2005,13.008371517778635,77.57411088952578,8.5,1757.84,-5.29,0.31,47.86,COMMERCIAL,0.98,True,LOCAL_DENSE
BNG-NOR-NODE-10,Bengaluru North (Hebbal) Zone 10,2006,13.007832404754392,77.5742244670973,10.78,1839.24,26.8,0.48,62.08,COMMERCIAL,0.96,True,LOCAL_DENSE
BNG-NOR-NODE-10,Bengaluru North (Hebbal) Zone 10,2007,13.008076316348603,77.57411920120221,9.35,1790.99,-13.21,0.37,53.16,COMMERCIAL,0.99,True,LOCAL_DENSE
BNG-NOR-NODE-10,Bengaluru North (Hebbal) Zone 10,2008,13.006781960437273,77.57411351336147,10.08,1817.14,7.77,0.43,57.71,COMMERCIAL,0.98,True,LOCAL_DENSE
BNG-NOR-NODE-10,Bengaluru North (Hebbal) Zone 10,2009,13.006586520622063,77.57475995324171,12.27,1886.61,21.77,0.57,71.61,COMMERCIAL,0.93,True,LOCAL_DENSE
BNG-NOR-NODE-10,Bengaluru North (Hebbal) Zone 10,2010,13.008270865633726,77.57579369007034,10.97,1847.33,-10.64,0.49,63.32,COMMERCIAL,0.98,True,LOCAL_DENSE
BNG-NOR-NODE-10,Bengaluru North (Hebbal) Zone 10,2011,13.006571479268354,77.57509475166262,9.45,1795.04,-13.87,0.38,53.76,COMMERCIAL,0.94,True,LOCAL_DENSE
BNG-NOR-NODE-10,Bengaluru North (Hebbal) Zone 10,2012,13.0075081497455,77.57459500475228,9.05,1780.2,-4.18,0.35,51.3,COMMERCIAL,0.91,True,LOCAL_DENSE
BNG-NOR-NODE-10,Bengaluru North (Hebbal) Zone 10,2013,13.007662315801284,77.57406126198217,11.62,1868.68,28.34,0.53,67.46,COMMERCIAL,0.97,True,LOCAL_DENSE
BNG-NOR-NODE-10,Bengaluru North (Hebbal) Zone 10,2014,13.00664196723683,77.57430090650195,56.69,2486.91,387.95,1.0,380.16,SUBURBAN,0.93,True,LOCAL_DENSE
BNG-NOR-NODE-10,Bengaluru North (Hebbal) Zone 10,2015,13.007391853498726,77.57508612159823,11.48,1864.87,-79.75,0.52,66.6,COMMERCIAL,0.94,True,LOCAL_DENSE
BNG-NOR-NODE-10,Bengaluru North (Hebbal) Zone 10,2016,13.007862940316773,77.57549582326241,10.06,1817.78,-12.36,0.43,57.63,COMMERCIAL,0.98,True,LOCAL_DENSE
BNG-NOR-NODE-10,Bengaluru North (Hebbal) Zone 10,2017,13.007353662277469,77.57384315417542,9.86,1810.64,-2.01,0.41,56.36,COMMERCIAL,0.91,True,LOCAL_DENSE
BNG-NOR-NODE-10,Bengaluru North (Hebbal) Zone 10,2018,13.00703075120792,77.57582637517076,27.84,2204.81,182.33,1.0,175.66,SUBURBAN,0.96,True,LOCAL_DENSE
BNG-NOR-NODE-10,Bengaluru North (Hebbal) Zone 10,2019,13.007697672606731,77.5750234576564,13.11,1913.91,-52.92,0.61,77.02,COMMERCIAL,0.97,True,LOCAL_DENSE
BNG-NOR-NODE-10,Bengaluru North (Hebbal) Zone 10,2020,13.007863277246033,77.57482844302686,18.55,2045.68,41.53,0.87,112.71,SUBURBAN,0.97,True,LOCAL_DENSE
BNG-NOR-NODE-10,Bengaluru North (Hebbal) Zone 10,2021,13.007049956719372,77.5754022597258,36.07,2316.11,94.43,1.0,233.26,SUBURBAN,0.91,True,LOCAL_DENSE
BNG-NOR-NODE-10,Bengaluru North (Hebbal) Zone 10,2022,13.007140135968339,77.5739769745214,10.6,1836.8,-70.61,0.46,61.02,COMMERCIAL,0.93,True,LOCAL_DENSE
BNG-NOR-NODE-10,Bengaluru North (Hebbal) Zone 10,2023,13.008206324157586,77.57427173326738,37.74,2338.26,256.03,1.0,245.26,SUBURBAN,0.93,True,LOCAL_DENSE
BNG-NOR-NODE-11,Bengaluru North (Hebbal) Zone 11,2000,13.0740046160782,77.609370206569,9.88,1919.87,0.0,0.45,38.34,INDUSTRIAL,0.97,True,LOCAL_DENSE
BNG-NOR-NODE-11,Bengaluru North (Hebbal) Zone 11,2001,13.073806830112078,77.6103384040987,10.3,1935.5,4.24,0.48,40.13,INDUSTRIAL,0.91,True,LOCAL_DENSE
BNG-NOR-NODE-11,Bengaluru North (Hebbal) Zone 11,2002,13.073729573339216,77.61024678047627,10.49,1942.39,1.8,0.49,40.93,INDUSTRIAL,0.93,True,LOCAL_DENSE
BNG-NOR-NODE-11,Bengaluru North (Hebbal) Zone 11,2003,13.072510216323007,77.60989213152561,16.64,2109.3,58.61,0.85,67.67,INDUSTRIAL,0.91,True,LOCAL_DENSE
BNG-NOR-NODE-11,Bengaluru North (Hebbal) Zone 11,2004,13.073908902655745,77.6087379992508,10.42,1939.94,-37.39,0.49,40.62,INDUSTRIAL,0.92,True,LOCAL_DENSE
BNG-NOR-NODE-11,Bengaluru North (Hebbal) Zone 11,2005,13.07241170384427,77.60989774743673,11.09,1963.92,6.46,0.53,43.51,INDUSTRIAL,0.93,True,LOCAL_DENSE
BNG-NOR-NODE-11,Bengaluru North (Hebbal) Zone 11,2006,13.072257297146484,77.6106269120487,14.12,2056.63,27.3,0.71,56.68,INDUSTRIAL,0.94,True,LOCAL_DENSE
BNG-NOR-NODE-11,Bengaluru North (Hebbal) Zone 11,2007,13.072150036156454,77.61059480365898,12.93,2023.43,-8.39,0.64,51.5,INDUSTRIAL,0.97,True,LOCAL_DENSE
BNG-NOR-NODE-11,Bengaluru North (Hebbal) Zone 11,2008,13.072137471427062,77.60911472166129,16.7,2123.65,29.13,0.83,68.14,INDUSTRIAL,0.95,True,LOCAL_DENSE
BNG-NOR-NODE-11,Bengaluru North (Hebbal) Zone 11,2009,13.07408509628904,77.60982923274233,14.56,2070.33,-12.83,0.73,58.64,INDUSTRIAL,0.91,True,LOCAL_DENSE
BNG-NOR-NODE-11,Bengaluru North (Hebbal) Zone 11,2010,13.072495518138664,77.6088908693394,20.5,2207.72,40.82,0.98,85.29,INDUSTRIAL,0.97,True,LOCAL_DENSE
BNG-NOR-NODE-11,Bengaluru North (Hebbal) Zone 11,2011,13.073291226570454,77.60985773117358,14.74,2076.01,-28.1,0.73,59.46,INDUSTRIAL,0.93,True,LOCAL_DENSE
BNG-NOR-NODE-11,Bengaluru North (Hebbal) Zone 11,2012,13.072869129539251,77.61003615316393,16.31,2116.91,10.66,0.81,66.44,INDUSTRIAL,0.9,True,LOCAL_DENSE
BNG-NOR-NODE-11,Bengaluru North (Hebbal) Zone 11,2013,13.073201754750182,77.6100120566981,79.29,2805.13,386.11,1.0,372.27,INDUSTRIAL,0.92,True,LOCAL_DENSE
BNG-NOR-NODE-11,Bengaluru North (Hebbal) Zone 11,2014,13.07272827707522,77.60893228334028,22.26,2245.95,-71.92,1.0,93.42,INDUSTRIAL,0.9,True,LOCAL_DENSE
BNG-NOR-NODE-11,Bengaluru North (Hebbal) Zone 11,2015,13.072380890900844,77.6095737646567,45.16,2556.11,102.88,1.0,202.29,INDUSTRIAL,0.98,True,LOCAL_DENSE
BNG-NOR-NODE-11,Bengaluru North (Hebbal) Zone 11,2016,13.072682654888883,77.60989541665614,23.02,2261.73,-49.02,1.0,96.96,INDUSTRIAL,0.91,True,LOCAL_DENSE
BNG-NOR-NODE-11,Bengaluru North (Hebbal) Zone 11,2017,13.072334179707644,77.6096560855498,18.24,2164.55,-20.76,0.89,75.15,INDUSTRIAL,0.96,True,LOCAL_DENSE
BNG-NOR-NODE-11,Bengaluru North (Hebbal) Zone 11,2018,13.072451189697524,77.61010336534768,23.11,2264.58,26.67,1.0,97.37,INDUSTRIAL,0.94,True,LOCAL_DENSE
BNG-NOR-NODE-11,Bengaluru North (Hebbal) Zone 11,2019,13.073057304756897,77.60990203095052,15.59,2100.34,-32.53,0.77,63.26,INDUSTRIAL,0.91,True,LOCAL_DENSE
BNG-NOR-NODE-11,Bengaluru North (Hebbal) Zone 11,2020,13.074096875013678,77.6096787638578,16.32,2119.21,4.68,0.81,66.52,INDUSTRIAL,0.92,True,LOCAL_DENSE
BNG-NOR-NODE-11,Bengaluru North (Hebbal) Zone 11,2021,13.072457309653574,77.61005148752136,16.51,2124.17,1.17,0.81,67.37,INDUSTRIAL,0.98,True,LOCAL_DENSE
BNG-NOR-NODE-11,Bengaluru North (Hebbal) Zone 11,2022,13.072332403329469,77.6104774368267,46.11,2579.85,179.25,1.0,207.43,INDUSTRIAL,0.94,True,LOCAL_DENSE
BNG-NOR-NODE-11,Bengaluru North (Hebbal) Zone 11,2023,13.073567695255944,77.60950040130278,23.1,2266.68,-49.9,1.0,97.37,INDUSTRIAL,0.96,True,LOCAL_DENSE
BNG-NOR-NODE-12,Bengaluru North (Hebbal) Zone 12,2000,13.022338948483412,77.58179172022564,8.31,252.04,0.0,0.24,36.25,RURAL,0.97,True,LOCAL_DENSE
BNG-NOR-NODE-12,Bengaluru North (Hebbal) Zone 12,2001,13.022919304069887,77.58146745681056,8.9,255.42,7.17,0.29,39.11,RURAL,0.97,True,LOCAL_DENSE
BNG-NOR-NODE-12,Bengaluru North (Hebbal) Zone 12,2002,13.021798843116938,77.58099465164202,8.93,255.66,0.35,0.29,39.26,RURAL,0.98,True,LOCAL_DENSE
BNG-NOR-NODE-12,Bengaluru North (Hebbal) Zone 12,2003,13.021906850980454,77.58160766897542,9.51,258.75,6.41,0.34,42.03,RURAL,0.92,True,LOCAL_DENSE
BNG-NOR-NODE-12,Bengaluru North (Hebbal) Zone 12,2004,13.021992933553555,77.58070207273438,11.18,266.81,17.67,0.46,50.23,RURAL,0.97,True,LOCAL_DENSE
BNG-NOR-NODE-12,Bengaluru North (Hebbal) Zone 12,2005,13.022102417335844,77.58157411269497,18.92,292.7,69.16,0.87,89.03,RURAL,0.9,True,LOCAL_DENSE
BNG-NOR-NODE-12,Bengaluru North (Hebbal) Zone 12,2006,13.022397645408347,77.58047191716066,10.8,265.27,-42.93,0.43,48.35,RURAL,0.98,True,LOCAL_DENSE
BNG-NOR-NODE-12,Bengaluru North (Hebbal) Zone 12,2007,13.022920770079493,77.58072803525938,18.09,291.6,67.51,0.82,84.93,RURAL,0.92,True,LOCAL_DENSE
BNG-NOR-NODE-12,Bengaluru North (Hebbal) Zone 12,2008,13.021791535254367,77.58129064104837,10.29,262.91,-43.1,0.39,45.87,RURAL,0.98,True,LOCAL_DENSE
BNG-NOR-NODE-12,Bengaluru North (Hebbal) Zone 12,2009,13.022327467923269,77.58189144568824,9.47,258.66,-8.04,0.33,41.84,RURAL,0.97,True,LOCAL_DENSE
BNG-NOR-NODE-12,Bengaluru North (Hebbal) Zone 12,2010,13.021753167932335,77.58179721491297,16.28,286.83,71.97,0.73,75.79,RURAL,0.99,True,LOCAL_DENSE
BNG-NOR-NODE-12,Bengaluru North (Hebbal) Zone 12,2011,13.02307708116125,77.58050759162927,13.3,276.27,-18.3,0.58,60.76,RURAL,0.99,True,LOCAL_DENSE
BNG-NOR-NODE-12,Bengaluru North (Hebbal) Zone 12,2012,13.022238130408274,77.58185992788444,19.12,295.77,43.76,0.85,90.4,RURAL,0.97,True,LOCAL_DENSE
BNG-NOR-NODE-12,Bengaluru North (Hebbal) Zone 12,2013,13.023171398817365,77.58059815833175,14.52,281.03,-24.06,0.64,66.91,RURAL,0.97,True,LOCAL_DENSE
BNG-NOR-NODE-12,Bengaluru North (Hebbal) Zone 12,2014,13.02228184411851,77.5822616791897,17.39,290.87,19.82,0.77,81.56,RURAL,0.93,True,LOCAL_DENSE
BNG-NOR-NODE-12,Bengaluru North (Hebbal) Zone 12,2015,13.021722677294045,77.58101978044476,17.07,289.91,-1.89,0.76,79.89,RURAL,0.95,True,LOCAL_DENSE
BNG-NOR-NODE-12,Bengaluru North (Hebbal) Zone 12,2016,13.021788919883496,77.58158802466446,16.25,287.29,-4.78,0.72,75.72,RURAL,0.94,True,LOCAL_DENSE
BNG-NOR-NODE-12,Bengaluru North (Hebbal) Zone 12,2017,13.022489600352113,77.58061382346985,18.18,293.54,11.87,0.8,85.62,RURAL,0.92,True,LOCAL_DENSE
BNG-NOR-NODE-12,Bengaluru North (Hebbal) Zone 12,2018,13.022672147108704,77.58154550302005,23.81,308.91,30.99,1.0,115.07,RURAL,0.9,True,LOCAL_DENSE
BNG-NOR-NODE-12,Bengaluru North (Hebbal) Zone 12,2019,13.021647797923434,77.58061998094465,30.54,323.65,28.27,1.0,151.1,RURAL,0.9,True,LOCAL_DENSE
BNG-NOR-NODE-12,Bengaluru North (Hebbal) Zone 12,2020,13.022808602271363,77.58104290802167,21.01,301.91,-31.22,0.91,100.36,RURAL,0.94,True,LOCAL_DENSE
BNG-NOR-NODE-12,Bengaluru North (Hebbal) Zone 12,2021,13.022971895481435,77.58213712634874,189.38,447.08,801.49,1.0,1102.9,RESIDENTIAL,0.98,True,LOCAL_DENSE
BNG-NOR-NODE-12,Bengaluru North (Hebbal) Zone 12,2022,13.022300081913624,77.58173499344535,14.82,282.49,-92.17,0.65,68.49,RURAL,0.92,True,LOCAL_DENSE
BNG-NOR-NODE-12,Bengaluru North (Hebbal) Zone 12,2023,13.022433180184265,77.58184285870232,72.04,379.31,386.02,1.0,386.04,RURAL,0.93,True,LOCAL_DENSE
BNG-NOR-NODE-13,Bengaluru North (Hebbal) Zone 13,2000,13.000266293077111,77.6050089355876,11.57,1481.22,0.0,0.2,36.73,COMMERCIAL,0.96,True,LOCAL_DENSE
BNG-NOR-NODE-13,Bengaluru North (Hebbal) Zone 13,2001,13.000845706557213,77.60445531283807,12.42,1501.42,7.32,0.26,39.69,COMMERCIAL,0.91,True,LOCAL_DENSE
BNG-NOR-NODE-13,Bengaluru North (Hebbal) Zone 13,2002,12.999403007545961,77.60549110304997,13.34,1522.16,7.42,0.31,42.93,COMMERCIAL,0.91,True,LOCAL_DENSE
BNG-NOR-NODE-13,Bengaluru North (Hebbal) Zone 13,2003,13.000501113743148,77.60443386911895,12.59,1506.04,-5.61,0.26,40.3,COMMERCIAL,0.95,True,LOCAL_DENSE
BNG-NOR-NODE-13,Bengaluru North (Hebbal) Zone 13,2004,13.000743738229573,77.60600050465662,12.25,1497.99,-2.73,0.24,39.1,COMMERCIAL,0.95,True,LOCAL_DENSE
BNG-NOR-NODE-13,Bengaluru North (Hebbal) Zone 13,2005,12.999218862380161,77.60452412176775,12.29,1499.15,0.38,0.25,39.26,COMMERCIAL,0.96,True,LOCAL_DENSE
BNG-NOR-NODE-13,Bengaluru North (Hebbal) Zone 13,2006,12.999457991707532,77.60601602559885,12.38,1501.26,0.71,0.25,39.57,COMMERCIAL,0.97,True,LOCAL_DENSE
BNG-NOR-NODE-13,Bengaluru North (Hebbal) Zone 13,2007,13.000181896966733,77.60555713561466,16.5,1586.82,33.27,0.46,54.22,COMMERCIAL,0.9,True,LOCAL_DENSE
BNG-NOR-NODE-13,Bengaluru North (Hebbal) Zone 13,2008,12.999064430667925,77.60454264117841,13.61,1529.49,-17.52,0.32,43.9,COMMERCIAL,0.95,True,LOCAL_DENSE
BNG-NOR-NODE-13,Bengaluru North (Hebbal) Zone 13,2009,12.999620089017494,77.60484888208042,19.5,1638.34,43.25,0.58,65.1,COMMERCIAL,0.95,True,LOCAL_DENSE
BNG-NOR-NODE-13,Bengaluru North (Hebbal) Zone 13,2010,12.99933888822109,77.60629431260399,17.65,1608.35,-9.47,0.51,58.39,COMMERCIAL,0.98,True,LOCAL_DENSE
BNG-NOR-NODE-13,Bengaluru North (Hebbal) Zone 13,2011,13.000430839974634,77.60579274464017,44.85,1905.77,154.1,1.0,161.6,COMMERCIAL,0.92,True,LOCAL_DENSE
BNG-NOR-NODE-13,Bengaluru North (Hebbal) Zone 13,2012,13.00063681524395,77.60472173088452,125.92,2266.37,180.77,1.0,495.36,SUBURBAN,0.92,True,LOCAL_DENSE
BNG-NOR-NODE-13,Bengaluru North (Hebbal) Zone 13,2013,12.999038482943607,77.60553186515239,13.26,1521.77,-89.47,0.3,42.65,COMMERCIAL,0.99,True,LOCAL_DENSE
BNG-NOR-NODE-13,Bengaluru North (Hebbal) Zone 13,2014,13.000057472533857,77.60479026094853,27.98,1755.88,111.08,0.84,96.73,COMMERCIAL,0.9,True,LOCAL_DENSE
BNG-NOR-NODE-13,Bengaluru North (Hebbal) Zone 13,2015,12.999854144097462,77.60530260439047,27.99,1756.77,0.05,0.84,96.8,COMMERCIAL,0.91,True,LOCAL_DENSE
BNG-NOR-NODE-13,Bengaluru North (Hebbal) Zone 13,2016,12.999007291901922,77.60487167877984,22.91,1692.26,-18.15,0.69,77.75,COMMERCIAL,0.98,True,LOCAL_DENSE
BNG-NOR-NODE-13,Bengaluru North (Hebbal) Zone 13,2017,12.998995160560861,77.60592994948243,42.31,1897.79,84.64,1.0,152.07,COMMERCIAL,0.94,True,LOCAL_DENSE
BNG-NOR-NODE-13,Bengaluru North (Hebbal) Zone 13,2018,12.999520720688801,77.60563727319874,27.93,1757.7,-33.99,0.84,96.58,COMMERCIAL,0.91,True,LOCAL_DENSE
BNG-NOR-NODE-13,Bengaluru North (Hebbal) Zone 13,2019,12.99994698183458,77.6058443132879,30.37,1786.19,8.74,0.9,105.88,COMMERCIAL,0.9,True,LOCAL_DENSE
BNG-NOR-NODE-13,Bengaluru North (Hebbal) Zone 13,2020,12.999184155162894,77.60462170834236,18.13,1618.51,-40.29,0.52,60.17,COMMERCIAL,0.98,True,LOCAL_DENSE
BNG-NOR-NODE-13,Bengaluru North (Hebbal) Zone 13,2021,13.000115640880281,77.60510733808974,251.27,2605.99,1285.74,1.0,1059.97,SUBURBAN,0.92,True,LOCAL_DENSE
BNG-NOR-NODE-13,Bengaluru North (Hebbal) Zone 13,2022,13.00020542926842,77.60544970017338,15.88,1577.25,-93.68,0.43,52.03,COMMERCIAL,0.98,True,LOCAL_DENSE
BNG-NOR-NODE-13,Bengaluru North (Hebbal) Zone 13,2023,13.00001367506193,77.60450170379602,33.77,1824.37,112.62,0.97,119.01,COMMERCIAL,0.97,True,LOCAL_DENSE
BNG-NOR-NODE-14,Bengaluru North (Hebbal) Zone 14,2000,12.999528617028892,77.5891887219934,13.17,586.35,0.0,0.17,15.13,RESIDENTIAL,0.91,True,LOCAL_DENSE
BNG-NOR-NODE-14,Bengaluru North (Hebbal) Zone 14,2001,12.999434865886155,77.59013107584742,13.69,590.78,3.92,0.19,15.78,RESIDENTIAL,0.94,True,LOCAL_DENSE
BNG-NOR-NODE-14,Bengaluru North (Hebbal) Zone 14,2002,13.001076189320024,77.58944786442619,13.83,592.03,1.05,0.2,15.96,RESIDENTIAL,0.92,True,LOCAL_DENSE
BNG-NOR-NODE-14,Bengaluru North (Hebbal) Zone 14,2003,13.000694869287765,77.58989213116052,16.3,610.85,17.89,0.32,19.12,RESIDENTIAL,0.97,True,LOCAL_DENSE
BNG-NOR-NODE-14,Bengaluru North (Hebbal) Zone 14,2004,12.99940442674241,77.59066127814582,14.11,594.45,-13.42,0.22,16.33,RESIDENTIAL,0.94,True,LOCAL_DENSE
BNG-NOR-NODE-14,Bengaluru North (Hebbal) Zone 14,2005,13.000085466392981,77.58924348034616,16.09,609.76,14.02,0.31,18.85,RESIDENTIAL,0.97,True,LOCAL_DENSE
BNG-NOR-NODE-14,Bengaluru North (Hebbal) Zone 14,2006,12.999933280313849,77.58965145574109,19.99,635.23,24.2,0.47,23.9,RESIDENTIAL,0.91,True,LOCAL_DENSE
BNG-NOR-NODE-14,Bengaluru North (Hebbal) Zone 14,2007,12.999779530978852,77.59062009850146,15.68,606.88,-21.54,0.29,18.33,RESIDENTIAL,0.9,True,LOCAL_DENSE
BNG-NOR-NODE-14,Bengaluru North (Hebbal) Zone 14,2008,13.000921074468078,77.58905168812325,19.01,629.75,21.21,0.43,22.63,RESIDENTIAL,0.92,True,LOCAL_DENSE
BNG-NOR-NODE-14,Bengaluru North (Hebbal) Zone 14,2009,12.999787618068487,77.58963787709973,15.76,607.55,-17.08,0.29,18.43,RESIDENTIAL,0.95,True,LOCAL_DENSE
BNG-NOR-NODE-14,Bengaluru North (Hebbal) Zone 14,2010,13.000038338346268,77.58987202727653,26.4,670.1,67.54,0.67,32.44,RESIDENTIAL,0.96,True,LOCAL_DENSE
BNG-NOR-NODE-14,Bengaluru North (Hebbal) Zone 14,2011,12.99941822585548,77.59051949824595,27.32,674.66,3.45,0.69,33.67,RESIDENTIAL,0.92,True,LOCAL_DENSE
BNG-NOR-NODE-14,Bengaluru North (Hebbal) Zone 14,2012,12.999968041950222,77.58950612315152,21.5,645.25,-21.27,0.52,25.92,RESIDENTIAL,0.92,True,LOCAL_DENSE
BNG-NOR-NODE-14,Bengaluru North (Hebbal) Zone 14,2013,13.000027482708148,77.58893485847824,22.64,651.72,5.26,0.55,27.42,RESIDENTIAL,0.91,True,LOCAL_DENSE
BNG-NOR-NODE-14,Bengaluru North (Hebbal) Zone 14,2014,13.000485589395671,77.58963667386124,15.96,609.11,-29.52,0.3,18.68,RESIDENTIAL,0.92,True,LOCAL_DENSE
BNG-NOR-NODE-14,Bengaluru North (Hebbal) Zone 14,2015,12.999836439441816,77.59007981196896,21.48,645.41,34.63,0.51,25.89,RESIDENTIAL,0.93,True,LOCAL_DENSE
BNG-NOR-NODE-14,Bengaluru North (Hebbal) Zone 14,2016,12.99996825581178,77.58891581905797,24.61,662.57,14.58,0.61,30.06,RESIDENTIAL,0.94,True,LOCAL_DENSE
BNG-NOR-NODE-14,Bengaluru North (Hebbal) Zone 14,2017,13.001284319063904,77.58907201212503,251.53,999.31,921.94,1.0,378.03,RESIDENTIAL,0.91,True,LOCAL_DENSE
BNG-NOR-NODE-14,Bengaluru North (Hebbal) Zone 14,2018,13.000504403612647,77.59025678781212,31.22,693.48,-87.59,0.79,39.02,RESIDENTIAL,0.95,True,LOCAL_DENSE
BNG-NOR-NODE-14,Bengaluru North (Hebbal) Zone 14,2019,13.00115324968824,77.58936707625591,38.65,722.07,23.78,0.94,49.29,RESIDENTIAL,0.95,True,LOCAL_DENSE
BNG-NOR-NODE-14,Bengaluru North (Hebbal) Zone 14,2020,13.000168896809035,77.59053195492727,28.75,682.99,-25.61,0.72,35.65,RESIDENTIAL,0.91,True,LOCAL_DENSE
BNG-NOR-NODE-14,Bengaluru North (Hebbal) Zone 14,2021,12.999373498640518,77.5902527822292,22.53,651.75,-21.65,0.55,27.29,RESIDENTIAL,0.95,True,LOCAL_DENSE
BNG-NOR-NODE-14,Bengaluru North (Hebbal) Zone 14,2022,12.999886570443786,77.58881047246606,43.28,738.31,92.14,1.0,55.81,RESIDENTIAL,0.93,True,LOCAL_DENSE
BNG-NOR-NODE-14,Bengaluru North (Hebbal) Zone 14,2023,13.000996334078893,77.59015054611872,39.31,725.25,-9.19,0.95,50.23,RESIDENTIAL,0.95,True,LOCAL_DENSE
BNG-NOR-NODE-15,Bengaluru North (Hebbal) Zone 15,2000,13.058533053157916,77.59984075885794,13.96,702.87,0.0,0.41,16.22,RESIDENTIAL,0.97,True,LOCAL_DENSE
BNG-NOR-NODE-15,Bengaluru North (Hebbal) Zone 15,2001,13.057921293377802,77.5986928007704,14.79,710.76,5.95,0.45,17.28,RESIDENTIAL,0.94,True,LOCAL_DENSE
BNG-NOR-NODE-15,Bengaluru North (Hebbal) Zone 15,2002,13.058068876909681,77.59981611370777,14.33,706.46,-3.16,0.43,16.68,RESIDENTIAL,0.93,True,LOCAL_DENSE
BNG-NOR-NODE-15,Bengaluru North (Hebbal) Zone 15,2003,13.058447463020562,77.59993048671649,15.27,715.36,6.61,0.47,17.9,RESIDENTIAL,0.95,True,LOCAL_DENSE
BNG-NOR-NODE-15,Bengaluru North (Hebbal) Zone 15,2004,13.057714964865745,77.59861209734963,18.01,738.18,17.92,0.59,21.44,RESIDENTIAL,0.96,True,LOCAL_DENSE
BNG-NOR-NODE-15,Bengaluru North (Hebbal) Zone 15,2005,13.058338358455902,77.59914111505118,15.14,714.21,-15.94,0.47,17.73,RESIDENTIAL,0.98,True,LOCAL_DENSE
BNG-NOR-NODE-15,Bengaluru North (Hebbal) Zone 15,2006,13.058500748582626,77.59939318664931,19.73,751.44,30.33,0.66,23.7,RESIDENTIAL,0.98,True,LOCAL_DENSE
BNG-NOR-NODE-15,Bengaluru North (Hebbal) Zone 15,2007,13.057856849811952,77.59831523645242,18.07,739.27,-8.4,0.59,21.53,RESIDENTIAL,0.91,True,LOCAL_DENSE
BNG-NOR-NODE-15,Bengaluru North (Hebbal) Zone 15,2008,13.058372572530173,77.5986195665879,21.22,762.25,17.38,0.71,25.67,RESIDENTIAL,0.92,True,LOCAL_DENSE
BNG-NOR-NODE-15,Bengaluru North (Hebbal) Zone 15,2009,13.058029232046259,77.59846380356537,24.11,780.94,13.62,0.8,29.52,RESIDENTIAL,0.93,True,LOCAL_DENSE
BNG-NOR-NODE-15,Bengaluru North (Hebbal) Zone 15,2010,13.058510239761196,77.59954836833796,26.03,792.51,7.98,0.86,32.11,RESIDENTIAL,0.98,True,LOCAL_DENSE
BNG-NOR-NODE-15,Bengaluru North (Hebbal) Zone 15,2011,13.057863231160471,77.5993363468959,32.26,824.91,23.94,1.0,40.61,RESIDENTIAL,0.94,True,LOCAL_DENSE
BNG-NOR-NODE-15,Bengaluru North (Hebbal) Zone 15,2012,13.058232981162515,77.59974925529333,19.18,748.22,-40.54,0.64,22.99,RESIDENTIAL,0.93,True,LOCAL_DENSE
BNG-NOR-NODE-15,Bengaluru North (Hebbal) Zone 15,2013,13.057037074378396,77.59884679318976,18.7,744.56,-2.53,0.62,22.36,RESIDENTIAL,0.97,True,LOCAL_DENSE
BNG-NOR-NODE-15,Bengaluru North (Hebbal) Zone 15,2014,13.056900686971364,77.5991812873784,23.48,778.06,25.55,0.78,28.7,RESIDENTIAL,0.92,True,LOCAL_DENSE
BNG-NOR-NODE-15,Bengaluru North (Hebbal) Zone 15,2015,13.05782516975377,77.59968496286808,25.3,789.4,7.77,0.84,31.15,RESIDENTIAL,0.98,True,LOCAL_DENSE
BNG-NOR-NODE-15,Bengaluru North (Hebbal) Zone 15,2016,13.058085713089637,77.59985308650927,31.84,824.73,25.85,1.0,40.07,RESIDENTIAL,0.9,True,LOCAL_DENSE
BNG-NOR-NODE-15,Bengaluru North (Hebbal) Zone 15,2017,13.057485089121979,77.5988773313126,35.76,843.15,12.29,1.0,45.5,RESIDENTIAL,0.93,True,LOCAL_DENSE
BNG-NOR-NODE-15,Bengaluru North (Hebbal) Zone 15,2018,13.056858573071835,77.59882386115424,25.76,792.49,-27.96,0.85,31.78,RESIDENTIAL,0.94,True,LOCAL_DENSE
BNG-NOR-NODE-15,Bengaluru North (Hebbal) Zone 15,2019,13.058679890015878,77.59881296938482,16.95,730.45,-34.21,0.55,20.07,RESIDENTIAL,0.93,True,LOCAL_DENSE
BNG-NOR-NODE-15,Bengaluru North (Hebbal) Zone 15,2020,13.057641575129475,77.59894334754739,28.69,809.27,69.29,0.92,35.77,RESIDENTIAL,0.98,True,LOCAL_DENSE
BNG-NOR-NODE-15,Bengaluru North (Hebbal) Zone 15,2021,13.058304139733233,77.59882780310112,69.21,954.48,141.23,1.0,93.74,RESIDENTIAL,0.97,True,LOCAL_DENSE
BNG-NOR-NODE-15,Bengaluru North (Hebbal) Zone 15,2022,13.057691183379601,77.59881720399436,24.25,783.63,-64.96,0.8,29.75,RESIDENTIAL,0.93,True,LOCAL_DENSE
BNG-NOR-NODE-15,Bengaluru North (Hebbal) Zone 15,2023,13.05815821291685,77.59930049778008,67.64,951.59,178.91,1.0,91.47,RESIDENTIAL,0.97,True,LOCAL_DENSE
BNG-SOU-NODE-01,Bengaluru South (JP Nagar) Zone 1,2000,12.908787007087808,77.59353609968734,4.8,2230.8,0.0,0.26,37.39,INDUSTRIAL,0.95,True,LOCAL_DENSE
BNG-SOU-NODE-01,Bengaluru South (JP Nagar) Zone 1,2001,12.908867065569131,77.59497566746055,4.97,2246.71,3.7,0.29,38.91,INDUSTRIAL,0.94,True,LOCAL_DENSE
BNG-SOU-NODE-01,Bengaluru South (JP Nagar) Zone 1,2002,12.909833500927594,77.59347475746863,5.08,2256.54,2.23,0.3,39.86,INDUSTRIAL,0.93,True,LOCAL_DENSE
BNG-SOU-NODE-01,Bengaluru South (JP Nagar) Zone 1,2003,12.909500770085398,77.59445233796755,6.02,2330.24,18.5,0.43,48.01,INDUSTRIAL,0.94,True,LOCAL_DENSE
BNG-SOU-NODE-01,Bengaluru South (JP Nagar) Zone 1,2004,12.909106405453509,77.594978730194,5.49,2290.33,-8.95,0.36,43.33,INDUSTRIAL,0.98,True,LOCAL_DENSE
BNG-SOU-NODE-01,Bengaluru South (JP Nagar) Zone 1,2005,12.908042320308667,77.59496818490099,5.49,2291.24,0.15,0.36,43.4,INDUSTRIAL,0.97,True,LOCAL_DENSE
BNG-SOU-NODE-01,Bengaluru South (JP Nagar) Zone 1,2006,12.90902377666026,77.59399011230087,13.52,2690.69,146.14,1.0,115.86,INDUSTRIAL,0.91,True,LOCAL_DENSE
BNG-SOU-NODE-01,Bengaluru South (JP Nagar) Zone 1,2007,12.9091125059322,77.59345678801955,7.19,2412.07,-46.86,0.55,58.25,INDUSTRIAL,0.92,True,LOCAL_DENSE
BNG-SOU-NODE-01,Bengaluru South (JP Nagar) Zone 1,2008,12.909117548814214,77.59484926436778,6.99,2400.26,-2.74,0.53,56.51,INDUSTRIAL,0.96,True,LOCAL_DENSE
BNG-SOU-NODE-01,Bengaluru South (JP Nagar) Zone 1,2009,12.909263824172566,77.59441119236145,7.01,2402.35,0.34,0.53,56.73,INDUSTRIAL,0.95,True,LOCAL_DENSE
BNG-SOU-NODE-01,Bengaluru South (JP Nagar) Zone 1,2010,12.908041104669918,77.5945200191685,5.42,2285.37,-22.75,0.35,42.74,INDUSTRIAL,0.96,True,LOCAL_DENSE
BNG-SOU-NODE-01,Bengaluru South (JP Nagar) Zone 1,2011,12.908224226699417,77.59483185725357,6.38,2359.66,17.76,0.46,51.14,INDUSTRIAL,0.92,True,LOCAL_DENSE
BNG-SOU-NODE-01,Bengaluru South (JP Nagar) Zone 1,2012,12.909156129813836,77.59402304507019,10.32,2585.56,61.81,0.81,86.64,INDUSTRIAL,0.95,True,LOCAL_DENSE
BNG-SOU-NODE-01,Bengaluru South (JP Nagar) Zone 1,2013,12.9088923768639,77.59417516705012,6.67,2380.66,-35.36,0.49,53.73,INDUSTRIAL,0.9,True,LOCAL_DENSE
BNG-SOU-NODE-01,Bengaluru South (JP Nagar) Zone 1,2014,12.908643805259398,77.59403676518785,8.4,2488.63,25.86,0.66,69.14,INDUSTRIAL,0.92,True,LOCAL_DENSE
BNG-SOU-NODE-01,Bengaluru South (JP Nagar) Zone 1,2015,12.909383746972024,77.59485147080518,7.53,2437.41,-10.34,0.58,61.35,INDUSTRIAL,0.96,True,LOCAL_DENSE
BNG-SOU-NODE-01,Bengaluru South (JP Nagar) Zone 1,2016,12.908565024509123,77.59359292707735,14.57,2761.3,93.61,1.0,126.46,INDUSTRIAL,0.91,True,LOCAL_DENSE
BNG-SOU-NODE-01,Bengaluru South (JP Nagar) Zone 1,2017,12.90901349499409,77.59500123415917,113.72,3937.28,680.21,1.0,1180.56,INDUSTRIAL,0.92,True,LOCAL_DENSE
BNG-SOU-NODE-01,Bengaluru South (JP Nagar) Zone 1,2018,12.909300341857179,77.5936780724248,18.89,2899.26,-83.39,1.0,167.98,INDUSTRIAL,0.97,True,LOCAL_DENSE
BNG-SOU-NODE-01,Bengaluru South (JP Nagar) Zone 1,2019,12.909340136023399,77.59390986386809,15.31,2790.62,-18.95,1.0,133.55,INDUSTRIAL,0.91,True,LOCAL_DENSE
BNG-SOU-NODE-01,Bengaluru South (JP Nagar) Zone 1,2020,12.90840648831428,77.59457025807464,10.92,2619.2,-28.71,0.85,92.22,INDUSTRIAL,0.95,True,LOCAL_DENSE
BNG-SOU-NODE-01,Bengaluru South (JP Nagar) Zone 1,2021,12.90942958719994,77.59433227703161,19.82,2929.87,81.53,1.0,177.12,INDUSTRIAL,0.92,True,LOCAL_DENSE
BNG-SOU-NODE-01,Bengaluru South (JP Nagar) Zone 1,2022,12.909545800954193,77.59525091786368,24.14,3039.79,21.81,1.0,219.77,INDUSTRIAL,0.94,True,LOCAL_DENSE
BNG-SOU-NODE-01,Bengaluru South (JP Nagar) Zone 1,2023,12.909393004556547,77.59391958330276,22.5,3002.5,-6.77,1.0,203.61,INDUSTRIAL,0.93,True,LOCAL_DENSE
BNG-SOU-NODE-02,Bengaluru South (JP Nagar) Zone 2,2000,12.89112101043077,77.61299301448587,8.55,602.98,0.0,0.18,40.32,RESIDENTIAL,0.97,True,LOCAL_DENSE
BNG-SOU-NODE-02,Bengaluru South (JP Nagar) Zone 2,2001,12.89087616815904,77.61322063989738,8.96,608.51,4.81,0.21,42.45,RESIDENTIAL,0.94,True,LOCAL_DENSE
BNG-SOU-NODE-02,Bengaluru South (JP Nagar) Zone 2,2002,12.890993397523175,77.61381308572629,9.51,615.5,6.09,0.25,45.3,RESIDENTIAL,0.91,True,LOCAL_DENSE
BNG-SOU-NODE-02,Bengaluru South (JP Nagar) Zone 2,2003,12.890429886112093,77.61404857391388,9.35,613.69,-1.63,0.24,44.49,RESIDENTIAL,0.93,True,LOCAL_DENSE
BNG-SOU-NODE-02,Bengaluru South (JP Nagar) Zone 2,2004,12.890886305646063,77.6133959357689,10.53,627.85,12.63,0.33,50.69,RESIDENTIAL,0.96,True,LOCAL_DENSE
BNG-SOU-NODE-02,Bengaluru South (JP Nagar) Zone 2,2005,12.890455684230533,77.61393751955424,11.77,641.21,11.71,0.41,57.23,RESIDENTIAL,0.91,True,LOCAL_DENSE
BNG-SOU-NODE-02,Bengaluru South (JP Nagar) Zone 2,2006,12.890458323948218,77.61361596577025,9.24,612.33,-21.47,0.23,43.91,RESIDENTIAL,0.98,True,LOCAL_DENSE
BNG-SOU-NODE-02,Bengaluru South (JP Nagar) Zone 2,2007,12.891567342925233,77.61369782227108,12.21,646.13,32.14,0.43,59.61,RESIDENTIAL,0.98,True,LOCAL_DENSE
BNG-SOU-NODE-02,Bengaluru South (JP Nagar) Zone 2,2008,12.891597590937637,77.61324032089146,11.21,635.9,-8.15,0.37,54.31,RESIDENTIAL,0.96,True,LOCAL_DENSE
BNG-SOU-NODE-02,Bengaluru South (JP Nagar) Zone 2,2009,12.89073489812122,77.61367297066133,13.56,659.39,20.9,0.51,66.87,RESIDENTIAL,0.93,True,LOCAL_DENSE
BNG-SOU-NODE-02,Bengaluru South (JP Nagar) Zone 2,2010,12.891280307718615,77.61273402616494,11.8,642.35,-12.94,0.41,57.45,RESIDENTIAL,0.97,True,LOCAL_DENSE
BNG-SOU-NODE-02,Bengaluru South (JP Nagar) Zone 2,2011,12.890593032957048,77.61270724274146,15.78,678.86,33.67,0.62,78.96,RESIDENTIAL,0.94,True,LOCAL_DENSE
BNG-SOU-NODE-02,Bengaluru South (JP Nagar) Zone 2,2012,12.891384884203637,77.61386628801206,20.34,711.9,28.92,0.81,104.25,RESIDENTIAL,0.93,True,LOCAL_DENSE
BNG-SOU-NODE-02,Bengaluru South (JP Nagar) Zone 2,2013,12.891591488450956,77.61264379252131,20.21,711.47,-0.62,0.8,103.58,RESIDENTIAL,0.93,True,LOCAL_DENSE
BNG-SOU-NODE-02,Bengaluru South (JP Nagar) Zone 2,2014,12.89158256527052,77.61339416418852,21.03,717.02,4.02,0.83,108.16,RESIDENTIAL,0.95,True,LOCAL_DENSE
BNG-SOU-NODE-02,Bengaluru South (JP Nagar) Zone 2,2015,12.89021778760182,77.61353483343748,10.86,632.21,-48.36,0.35,52.44,RESIDENTIAL,0.91,True,LOCAL_DENSE
BNG-SOU-NODE-02,Bengaluru South (JP Nagar) Zone 2,2016,12.89131688525215,77.61386711790784,36.9,795.48,239.81,1.0,199.99,RESIDENTIAL,0.91,True,LOCAL_DENSE
BNG-SOU-NODE-02,Bengaluru South (JP Nagar) Zone 2,2017,12.891175473363777,77.61293971489548,19.07,704.74,-48.33,0.75,97.22,RESIDENTIAL,0.99,True,LOCAL_DENSE
BNG-SOU-NODE-02,Bengaluru South (JP Nagar) Zone 2,2018,12.891283419860715,77.6126932369532,29.53,764.99,54.9,1.0,156.94,RESIDENTIAL,0.91,True,LOCAL_DENSE
BNG-SOU-NODE-02,Bengaluru South (JP Nagar) Zone 2,2019,12.89088573087054,77.61348295301232,25.23,743.3,-14.56,0.96,132.15,RESIDENTIAL,0.98,True,LOCAL_DENSE
BNG-SOU-NODE-02,Bengaluru South (JP Nagar) Zone 2,2020,12.889771352912524,77.61399074364657,13.34,658.31,-47.13,0.49,65.74,RESIDENTIAL,0.96,True,LOCAL_DENSE
BNG-SOU-NODE-02,Bengaluru South (JP Nagar) Zone 2,2021,12.889662828084813,77.61390107117614,15.58,678.48,16.79,0.6,77.95,RESIDENTIAL,0.94,True,LOCAL_DENSE
BNG-SOU-NODE-02,Bengaluru South (JP Nagar) Zone 2,2022,12.88967488361881,77.61315926813815,13.76,662.32,-11.71,0.51,67.99,RESIDENTIAL,0.96,True,LOCAL_DENSE
BNG-SOU-NODE-02,Bengaluru South (JP Nagar) Zone 2,2023,12.88999543114411,77.6130719076753,14.1,665.57,2.51,0.53,69.87,RESIDENTIAL,0.96,True,LOCAL_DENSE
BNG-SOU-NODE-03,Bengaluru South (JP Nagar) Zone 3,2000,12.916888996777402,77.55610137399329,11.95,1386.44,0.0,0.36,15.8,COMMERCIAL,0.93,True,LOCAL_DENSE
BNG-SOU-NODE-03,Bengaluru South (JP Nagar) Zone 3,2001,12.916603998752358,77.55610715033482,12.61,1400.8,5.46,0.39,16.75,COMMERCIAL,0.93,True,LOCAL_DENSE
BNG-SOU-NODE-03,Bengaluru South (JP Nagar) Zone 3,2002,12.915965900156182,77.55613768104895,12.2,1392.1,-3.22,0.37,16.16,COMMERCIAL,0.91,True,LOCAL_DENSE
BNG-SOU-NODE-03,Bengaluru South (JP Nagar) Zone 3,2003,12.915851632516254,77.55486446885097,12.78,1404.85,4.74,0.4,17.01,COMMERCIAL,0.98,True,LOCAL_DENSE
BNG-SOU-NODE-03,Bengaluru South (JP Nagar) Zone 3,2004,12.916998947766892,77.5545704304314,15.9,1464.41,24.43,0.56,21.61,COMMERCIAL,0.92,True,LOCAL_DENSE
BNG-SOU-NODE-03,Bengaluru South (JP Nagar) Zone 3,2005,12.916614646939927,77.55561143891,17.42,1489.93,9.53,0.63,23.87,COMMERCIAL,0.94,True,LOCAL_DENSE
BNG-SOU-NODE-03,Bengaluru South (JP Nagar) Zone 3,2006,12.915551236416198,77.55545577259856,14.42,1438.37,-17.23,0.49,19.41,COMMERCIAL,0.95,True,LOCAL_DENSE
BNG-SOU-NODE-03,Bengaluru South (JP Nagar) Zone 3,2007,12.91696833818909,77.55471082111933,17.69,1495.56,22.66,0.64,24.28,COMMERCIAL,0.96,True,LOCAL_DENSE
BNG-SOU-NODE-03,Bengaluru South (JP Nagar) Zone 3,2008,12.915182935943752,77.5550770248547,17.93,1499.87,1.37,0.65,24.65,COMMERCIAL,0.9,True,LOCAL_DENSE
BNG-SOU-NODE-03,Bengaluru South (JP Nagar) Zone 3,2009,12.916764525195521,77.556482653642,13.08,1411.37,-27.06,0.42,17.44,COMMERCIAL,0.93,True,LOCAL_DENSE
BNG-SOU-NODE-03,Bengaluru South (JP Nagar) Zone 3,2010,12.916396527716607,77.55473953968607,19.41,1523.37,48.45,0.7,26.9,COMMERCIAL,0.98,True,LOCAL_DENSE
BNG-SOU-NODE-03,Bengaluru South (JP Nagar) Zone 3,2011,12.915548133970193,77.55533046270632,32.69,1677.55,68.4,1.0,47.55,COMMERCIAL,0.97,True,LOCAL_DENSE
BNG-SOU-NODE-03,Bengaluru South (JP Nagar) Zone 3,2012,12.916943858143986,77.55525362806422,21.12,1548.65,-35.39,0.76,29.51,COMMERCIAL,0.97,True,LOCAL_DENSE
BNG-SOU-NODE-03,Bengaluru South (JP Nagar) Zone 3,2013,12.915866195401453,77.55585202832516,18.71,1513.58,-11.42,0.67,25.84,COMMERCIAL,0.91,True,LOCAL_DENSE
BNG-SOU-NODE-03,Bengaluru South (JP Nagar) Zone 3,2014,12.915100627392798,77.55502082420753,23.73,1583.98,26.86,0.85,33.54,COMMERCIAL,0.96,True,LOCAL_DENSE
BNG-SOU-NODE-03,Bengaluru South (JP Nagar) Zone 3,2015,12.91694263221046,77.55619038434243,22.04,1562.34,-7.11,0.79,30.94,COMMERCIAL,0.92,True,LOCAL_DENSE
BNG-SOU-NODE-03,Bengaluru South (JP Nagar) Zone 3,2016,12.915796034209075,77.55459414842376,39.32,1741.24,78.38,1.0,58.28,COMMERCIAL,0.94,True,LOCAL_DENSE
BNG-SOU-NODE-03,Bengaluru South (JP Nagar) Zone 3,2017,12.917055950954877,77.55606451369067,36.17,1715.63,-8.01,1.0,53.21,COMMERCIAL,0.94,True,LOCAL_DENSE
BNG-SOU-NODE-03,Bengaluru South (JP Nagar) Zone 3,2018,12.916057616548738,77.55647998112295,19.23,1522.43,-46.84,0.69,26.64,COMMERCIAL,0.91,True,LOCAL_DENSE
BNG-SOU-NODE-03,Bengaluru South (JP Nagar) Zone 3,2019,12.916430598060057,77.55631202319744,20.03,1534.7,4.19,0.72,27.87,COMMERCIAL,0.91,True,LOCAL_DENSE
BNG-SOU-NODE-03,Bengaluru South (JP Nagar) Zone 3,2020,12.916003845291813,77.55568244490298,27.66,1632.91,38.06,0.95,39.69,COMMERCIAL,0.98,True,LOCAL_DENSE
BNG-SOU-NODE-03,Bengaluru South (JP Nagar) Zone 3,2021,12.915614189202953,77.55493807117537,44.84,1788.56,62.1,1.0,67.34,COMMERCIAL,0.91,True,LOCAL_DENSE
BNG-SOU-NODE-03,Bengaluru South (JP Nagar) Zone 3,2022,12.915611979106545,77.55620351954103,20.09,1535.82,-55.2,0.72,27.95,COMMERCIAL,0.96,True,LOCAL_DENSE
BNG-SOU-NODE-03,Bengaluru South (JP Nagar) Zone 3,2023,12.915341853284026,77.55495139241715,45.73,1796.61,127.65,1.0,68.83,COMMERCIAL,0.92,True,LOCAL_DENSE
BNG-SOU-NODE-04,Bengaluru South (JP Nagar) Zone 4,2000,12.906619536255857,77.61454504897515,3.13,4017.49,0.0,0.31,5.61,URBAN,0.9,True,LOCAL_DENSE
BNG-SOU-NODE-04,Bengaluru South (JP Nagar) Zone 4,2001,12.907002722335097,77.61547414032026,3.79,4157.35,21.08,0.46,6.91,URBAN,0.94,True,LOCAL_DENSE
BNG-SOU-NODE-04,Bengaluru South (JP Nagar) Zone 4,2002,12.906511103822735,77.61484656762084,3.47,4100.53,-8.21,0.39,6.3,URBAN,0.95,True,LOCAL_DENSE
BNG-SOU-NODE-04,Bengaluru South (JP Nagar) Zone 4,2003,12.906794224417844,77.61562708944138,5.03,4381.24,44.76,0.67,9.43,URBAN,0.93,True,LOCAL_DENSE
BNG-SOU-NODE-04,Bengaluru South (JP Nagar) Zone 4,2004,12.906444219098487,77.61595031428571,3.38,4078.94,-32.88,0.37,6.11,URBAN,0.97,True,LOCAL_DENSE
BNG-SOU-NODE-04,Bengaluru South (JP Nagar) Zone 4,2005,12.907067358997644,77.61595131005804,4.51,4310.16,33.7,0.58,8.39,URBAN,0.97,True,LOCAL_DENSE
BNG-SOU-NODE-04,Bengaluru South (JP Nagar) Zone 4,2006,12.905905502001817,77.61463447259045,4.78,4357.92,5.85,0.62,8.93,URBAN,0.95,True,LOCAL_DENSE
BNG-SOU-NODE-04,Bengaluru South (JP Nagar) Zone 4,2007,12.90662423556533,77.6157335805625,3.81,4176.8,-20.26,0.45,6.97,URBAN,0.95,True,LOCAL_DENSE
BNG-SOU-NODE-04,Bengaluru South (JP Nagar) Zone 4,2008,12.906985163705873,77.61556190142376,5.33,4451.96,40.0,0.7,10.08,URBAN,0.91,True,LOCAL_DENSE
BNG-SOU-NODE-04,Bengaluru South (JP Nagar) Zone 4,2009,12.90638004095213,77.61553092094422,4.87,4377.88,-8.78,0.63,9.12,URBAN,0.93,True,LOCAL_DENSE
BNG-SOU-NODE-04,Bengaluru South (JP Nagar) Zone 4,2010,12.905478924387209,77.61513980527788,3.95,4207.8,-18.75,0.48,7.26,URBAN,0.95,True,LOCAL_DENSE
BNG-SOU-NODE-04,Bengaluru South (JP Nagar) Zone 4,2011,12.906271603072522,77.61510956519416,4.85,4377.12,22.67,0.63,9.09,URBAN,0.93,True,LOCAL_DENSE
BNG-SOU-NODE-04,Bengaluru South (JP Nagar) Zone 4,2012,12.906465257482289,77.61591429158322,7.18,4712.27,48.0,0.91,13.96,URBAN,0.98,True,LOCAL_DENSE
BNG-SOU-NODE-04,Bengaluru South (JP Nagar) Zone 4,2013,12.906986110182226,77.61465138839867,7.71,4777.83,7.48,0.97,15.11,URBAN,0.98,True,LOCAL_DENSE
BNG-SOU-NODE-04,Bengaluru South (JP Nagar) Zone 4,2014,12.906622246544195,77.61450110098961,3.9,4198.26,-49.39,0.47,7.17,URBAN,0.99,True,LOCAL_DENSE
BNG-SOU-NODE-04,Bengaluru South (JP Nagar) Zone 4,2015,12.905349260817859,77.61630531129242,6.36,4613.03,63.03,0.82,12.25,URBAN,0.92,True,LOCAL_DENSE
BNG-SOU-NODE-04,Bengaluru South (JP Nagar) Zone 4,2016,12.906940857624566,77.61610485333108,8.43,4863.82,32.41,1.0,16.65,URBAN,0.9,True,LOCAL_DENSE
BNG-SOU-NODE-04,Bengaluru South (JP Nagar) Zone 4,2017,12.906911777558323,77.615190701823,10.23,5043.72,21.38,1.0,20.59,URBAN,0.91,True,LOCAL_DENSE
BNG-SOU-NODE-04,Bengaluru South (JP Nagar) Zone 4,2018,12.905369772311357,77.61546611136627,6.78,4671.49,-33.75,0.87,13.12,URBAN,0.95,True,LOCAL_DENSE
BNG-SOU-NODE-04,Bengaluru South (JP Nagar) Zone 4,2019,12.907102137436773,77.6145561328103,5.49,4487.57,-18.98,0.71,10.42,URBAN,0.9,True,LOCAL_DENSE
BNG-SOU-NODE-04,Bengaluru South (JP Nagar) Zone 4,2020,12.906420942872565,77.61479919813449,4.2,4258.83,-23.58,0.52,7.76,URBAN,0.91,True,LOCAL_DENSE
BNG-SOU-NODE-04,Bengaluru South (JP Nagar) Zone 4,2021,12.907054092227169,77.61555377201644,5.23,4445.64,24.55,0.68,9.87,URBAN,0.94,True,LOCAL_DENSE
BNG-SOU-NODE-04,Bengaluru South (JP Nagar) Zone 4,2022,12.90585223697956,77.61623558181643,8.99,4933.33,72.08,1.0,17.9,URBAN,0.97,True,LOCAL_DENSE
BNG-SOU-NODE-04,Bengaluru South (JP Nagar) Zone 4,2023,12.907051746538112,77.61549984747532,6.44,4630.0,-28.37,0.83,12.42,URBAN,0.98,True,LOCAL_DENSE
BNG-SOU-NODE-05,Bengaluru South (JP Nagar) Zone 5,2000,12.88304051816643,77.61213727063615,3.57,4782.56,0.0,0.39,29.98,URBAN,0.98,True,LOCAL_DENSE
BNG-SOU-NODE-05,Bengaluru South (JP Nagar) Zone 5,2001,12.882856189727056,77.61176792914846,3.8,4840.45,6.44,0.43,32.1,URBAN,0.94,True,LOCAL_DENSE
BNG-SOU-NODE-05,Bengaluru South (JP Nagar) Zone 5,2002,12.882553523245164,77.61309540322227,3.68,4812.1,-3.09,0.41,31.02,URBAN,0.9,True,LOCAL_DENSE
BNG-SOU-NODE-05,Bengaluru South (JP Nagar) Zone 5,2003,12.882899768612956,77.61158267771545,5.81,5225.88,57.82,0.76,51.03,URBAN,0.99,True,LOCAL_DENSE
BNG-SOU-NODE-05,Bengaluru South (JP Nagar) Zone 5,2004,12.882207987319509,77.61184883122633,3.94,4876.88,-32.18,0.46,33.42,URBAN,0.95,True,LOCAL_DENSE
BNG-SOU-NODE-05,Bengaluru South (JP Nagar) Zone 5,2005,12.88228133410925,77.61292357404464,4.41,4985.15,12.04,0.54,37.86,URBAN,0.97,True,LOCAL_DENSE
BNG-SOU-NODE-05,Bengaluru South (JP Nagar) Zone 5,2006,12.883620678915952,77.61144331937959,3.93,4874.58,-11.0,0.46,33.32,URBAN,0.97,True,LOCAL_DENSE
BNG-SOU-NODE-05,Bengaluru South (JP Nagar) Zone 5,2007,12.882499740149841,77.61180650706503,13.26,6052.17,237.64,1.0,125.48,URBAN,0.92,True,LOCAL_DENSE
BNG-SOU-NODE-05,Bengaluru South (JP Nagar) Zone 5,2008,12.883283507193354,77.61197249997034,5.85,5261.51,-55.87,0.75,51.59,URBAN,0.97,True,LOCAL_DENSE
BNG-SOU-NODE-05,Bengaluru South (JP Nagar) Zone 5,2009,12.883397565264968,77.61143609204987,6.7,5397.76,14.53,0.85,59.85,URBAN,0.94,True,LOCAL_DENSE
BNG-SOU-NODE-05,Bengaluru South (JP Nagar) Zone 5,2010,12.883634991483191,77.61223063719831,5.63,5226.53,-16.02,0.71,49.45,URBAN,0.96,True,LOCAL_DENSE
BNG-SOU-NODE-05,Bengaluru South (JP Nagar) Zone 5,2011,12.884028006103204,77.61166793803554,7.66,5538.44,36.14,0.94,69.31,URBAN,0.95,True,LOCAL_DENSE
BNG-SOU-NODE-05,Bengaluru South (JP Nagar) Zone 5,2012,12.88342085363928,77.61243247870154,5.1,5130.72,-33.43,0.64,44.4,URBAN,0.94,True,LOCAL_DENSE
BNG-SOU-NODE-05,Bengaluru South (JP Nagar) Zone 5,2013,12.882110215844845,77.61297600224911,4.9,5090.62,-4.01,0.61,42.45,URBAN,0.97,True,LOCAL_DENSE
BNG-SOU-NODE-05,Bengaluru South (JP Nagar) Zone 5,2014,12.883036793145521,77.6130181085725,4.5,5007.64,-8.1,0.55,38.69,URBAN,0.95,True,LOCAL_DENSE
BNG-SOU-NODE-05,Bengaluru South (JP Nagar) Zone 5,2015,12.882278130639781,77.61143724801005,4.95,5102.97,10.11,0.62,43.01,URBAN,0.99,True,LOCAL_DENSE
BNG-SOU-NODE-05,Bengaluru South (JP Nagar) Zone 5,2016,12.882912557720713,77.61177720897803,5.72,5247.78,15.48,0.72,50.36,URBAN,0.97,True,LOCAL_DENSE
BNG-SOU-NODE-05,Bengaluru South (JP Nagar) Zone 5,2017,12.88270792219703,77.61157071820061,12.37,6068.46,116.19,1.0,117.13,URBAN,0.93,True,LOCAL_DENSE
BNG-SOU-NODE-05,Bengaluru South (JP Nagar) Zone 5,2018,12.882261778946534,77.6130866973115,5.0,5112.85,-59.58,0.63,43.44,URBAN,0.91,True,LOCAL_DENSE
BNG-SOU-NODE-05,Bengaluru South (JP Nagar) Zone 5,2019,12.882806915307288,77.61195192295227,69.52,8223.84,1290.33,1.0,767.52,URBAN,0.9,True,LOCAL_DENSE
BNG-SOU-NODE-05,Bengaluru South (JP Nagar) Zone 5,2020,12.882322233207583,77.61183025869414,5.78,5260.1,-91.68,0.73,50.95,URBAN,0.91,True,LOCAL_DENSE
BNG-SOU-NODE-05,Bengaluru South (JP Nagar) Zone 5,2021,12.883769490382363,77.6121318145069,9.09,5738.44,57.27,1.0,83.7,URBAN,0.98,True,LOCAL_DENSE
BNG-SOU-NODE-05,Bengaluru South (JP Nagar) Zone 5,2022,12.883771517355013,77.6122976201216,13.22,6158.81,45.43,1.0,126.13,URBAN,0.93,True,LOCAL_DENSE
BNG-SOU-NODE-05,Bengaluru South (JP Nagar) Zone 5,2023,12.883991806636246,77.6113277768467,10.31,5879.18,-22.05,1.0,96.04,URBAN,0.94,True,LOCAL_DENSE
BNG-SOU-NODE-06,Bengaluru South (JP Nagar) Zone 6,2000,12.919489666378212,77.594812308343,9.65,574.46,0.0,0.44,45.39,INDUSTRIAL,0.94,True,LOCAL_DENSE
BNG-SOU-NODE-06,Bengaluru South (JP Nagar) Zone 6,2001,12.918039251160165,77.59426927805312,9.84,576.65,1.94,0.45,46.36,INDUSTRIAL,0.97,True,LOCAL_DENSE
BNG-SOU-NODE-06,Bengaluru South (JP Nagar) Zone 6,2002,12.91803776433814,77.59418467072989,9.92,577.52,0.75,0.46,46.75,INDUSTRIAL,0.95,True,LOCAL_DENSE
BNG-SOU-NODE-06,Bengaluru South (JP Nagar) Zone 6,2003,12.918907810217595,77.59415492962277,9.96,578.06,0.46,0.46,46.98,INDUSTRIAL,0.92,True,LOCAL_DENSE
BNG-SOU-NODE-06,Bengaluru South (JP Nagar) Zone 6,2004,12.919570817641008,77.59492827165191,10.07,579.25,1.04,0.47,47.52,INDUSTRIAL,0.93,True,LOCAL_DENSE
BNG-SOU-NODE-06,Bengaluru South (JP Nagar) Zone 6,2005,12.918428445092943,77.59457897421107,13.05,608.89,29.68,0.66,63.19,INDUSTRIAL,0.95,True,LOCAL_DENSE
BNG-SOU-NODE-06,Bengaluru South (JP Nagar) Zone 6,2006,12.919152652716843,77.59340734551434,12.08,600.16,-7.49,0.6,58.03,INDUSTRIAL,0.94,True,LOCAL_DENSE
BNG-SOU-NODE-06,Bengaluru South (JP Nagar) Zone 6,2007,12.918965941396465,77.59387216542865,13.38,612.12,10.81,0.67,64.94,INDUSTRIAL,0.94,True,LOCAL_DENSE
BNG-SOU-NODE-06,Bengaluru South (JP Nagar) Zone 6,2008,12.91937338623349,77.59462383914966,14.85,624.44,10.99,0.75,72.81,INDUSTRIAL,0.99,True,LOCAL_DENSE
BNG-SOU-NODE-06,Bengaluru South (JP Nagar) Zone 6,2009,12.918620627515383,77.59447260504174,40.34,745.5,171.63,1.0,216.28,INDUSTRIAL,0.91,True,LOCAL_DENSE
BNG-SOU-NODE-06,Bengaluru South (JP Nagar) Zone 6,2010,12.918273282659205,77.59371115339688,11.08,590.34,-72.54,0.53,52.8,INDUSTRIAL,0.96,True,LOCAL_DENSE
BNG-SOU-NODE-06,Bengaluru South (JP Nagar) Zone 6,2011,12.919373544998459,77.59460999150332,18.86,653.68,70.28,0.92,94.62,INDUSTRIAL,0.95,True,LOCAL_DENSE
BNG-SOU-NODE-06,Bengaluru South (JP Nagar) Zone 6,2012,12.918615968789817,77.59343068086419,16.62,638.52,-11.9,0.83,82.38,INDUSTRIAL,0.93,True,LOCAL_DENSE
BNG-SOU-NODE-06,Bengaluru South (JP Nagar) Zone 6,2013,12.918509693819269,77.59431010594986,13.99,617.95,-15.79,0.7,68.24,INDUSTRIAL,0.96,True,LOCAL_DENSE
BNG-SOU-NODE-06,Bengaluru South (JP Nagar) Zone 6,2014,12.917699062032346,77.59500460649929,71.94,831.08,414.12,1.0,407.33,INDUSTRIAL,0.96,True,LOCAL_DENSE
BNG-SOU-NODE-06,Bengaluru South (JP Nagar) Zone 6,2015,12.918451107092714,77.59384353326746,28.16,705.33,-60.85,1.0,146.77,INDUSTRIAL,0.96,True,LOCAL_DENSE
BNG-SOU-NODE-06,Bengaluru South (JP Nagar) Zone 6,2016,12.918890781698398,77.59385196405057,15.5,630.44,-44.98,0.77,76.33,INDUSTRIAL,0.95,True,LOCAL_DENSE
BNG-SOU-NODE-06,Bengaluru South (JP Nagar) Zone 6,2017,12.917862227058576,77.59326266574196,69.03,829.6,345.47,1.0,390.41,INDUSTRIAL,0.98,True,LOCAL_DENSE
BNG-SOU-NODE-06,Bengaluru South (JP Nagar) Zone 6,2018,12.918880836771534,77.59483536937007,15.26,628.65,-77.9,0.76,75.04,INDUSTRIAL,0.95,True,LOCAL_DENSE
BNG-SOU-NODE-06,Bengaluru South (JP Nagar) Zone 6,2019,12.91934257864278,77.59514121237744,35.9,739.18,135.31,1.0,191.54,INDUSTRIAL,0.91,True,LOCAL_DENSE
BNG-SOU-NODE-06,Bengaluru South (JP Nagar) Zone 6,2020,12.91831491623296,77.59373760461739,15.96,634.28,-55.54,0.79,78.86,INDUSTRIAL,0.97,True,LOCAL_DENSE
BNG-SOU-NODE-06,Bengaluru South (JP Nagar) Zone 6,2021,12.919579729249188,77.59518255413698,24.92,690.93,56.11,1.0,128.51,INDUSTRIAL,0.92,True,LOCAL_DENSE
BNG-SOU-NODE-06,Bengaluru South (JP Nagar) Zone 6,2022,12.917864622327606,77.59429822298165,279.15,1062.83,1020.26,1.0,1789.05,INDUSTRIAL,0.92,True,LOCAL_DENSE
BNG-SOU-NODE-06,Bengaluru South (JP Nagar) Zone 6,2023,12.919389746353573,77.59458614471322,16.84,641.02,-93.97,0.83,83.62,INDUSTRIAL,0.92,True,LOCAL_DENSE
BNG-SOU-NODE-07,Bengaluru South (JP Nagar) Zone 7,2000,12.930769558108578,77.6061794914439,5.55,445.66,0.0,0.47,41.54,RESIDENTIAL,0.97,True,LOCAL_DENSE
BNG-SOU-NODE-07,Bengaluru South (JP Nagar) Zone 7,2001,12.930636882399076,77.60499664690776,5.91,451.19,6.6,0.52,44.56,RESIDENTIAL,0.91,True,LOCAL_DENSE
BNG-SOU-NODE-07,Bengaluru South (JP Nagar) Zone 7,2002,12.931318699442654,77.6062141208509,6.35,457.34,7.32,0.57,48.15,RESIDENTIAL,0.92,True,LOCAL_DENSE
BNG-SOU-NODE-07,Bengaluru South (JP Nagar) Zone 7,2003,12.931690582812012,77.60534319689408,9.01,486.79,41.98,0.84,70.55,RESIDENTIAL,0.98,True,LOCAL_DENSE
BNG-SOU-NODE-07,Bengaluru South (JP Nagar) Zone 7,2004,12.931667021785405,77.60672376198687,5.92,451.41,-34.32,0.52,44.61,RESIDENTIAL,0.92,True,LOCAL_DENSE
BNG-SOU-NODE-07,Bengaluru South (JP Nagar) Zone 7,2005,12.930381371793953,77.60614426110573,7.11,467.67,20.14,0.65,54.55,RESIDENTIAL,0.92,True,LOCAL_DENSE
BNG-SOU-NODE-07,Bengaluru South (JP Nagar) Zone 7,2006,12.93090419790294,77.60684196017084,8.65,485.18,21.6,0.8,67.57,RESIDENTIAL,0.9,True,LOCAL_DENSE
BNG-SOU-NODE-07,Bengaluru South (JP Nagar) Zone 7,2007,12.930568411708443,77.60520526945294,9.21,491.17,6.57,0.84,72.46,RESIDENTIAL,0.95,True,LOCAL_DENSE
BNG-SOU-NODE-07,Bengaluru South (JP Nagar) Zone 7,2008,12.93049783058417,77.60604783154051,6.68,462.27,-27.53,0.6,50.93,RESIDENTIAL,0.93,True,LOCAL_DENSE
BNG-SOU-NODE-07,Bengaluru South (JP Nagar) Zone 7,2009,12.932134084643852,77.60647251647237,10.4,502.78,55.74,0.93,82.74,RESIDENTIAL,0.93,True,LOCAL_DENSE
BNG-SOU-NODE-07,Bengaluru South (JP Nagar) Zone 7,2010,12.932082210252332,77.60499705769207,7.26,469.86,-30.22,0.66,55.8,RESIDENTIAL,0.94,True,LOCAL_DENSE
BNG-SOU-NODE-07,Bengaluru South (JP Nagar) Zone 7,2011,12.93135299423264,77.605166471921,8.95,489.23,23.36,0.82,70.25,RESIDENTIAL,0.95,True,LOCAL_DENSE
BNG-SOU-NODE-07,Bengaluru South (JP Nagar) Zone 7,2012,12.932193090277387,77.60663227340822,7.44,472.27,-16.84,0.68,57.39,RESIDENTIAL,0.95,True,LOCAL_DENSE
BNG-SOU-NODE-07,Bengaluru South (JP Nagar) Zone 7,2013,12.931089221007936,77.60635772970151,8.91,488.99,19.71,0.81,69.91,RESIDENTIAL,0.9,True,LOCAL_DENSE
BNG-SOU-NODE-07,Bengaluru South (JP Nagar) Zone 7,2014,12.930712424703705,77.60579967738957,8.84,488.34,-0.76,0.81,69.34,RESIDENTIAL,0.93,True,LOCAL_DENSE
BNG-SOU-NODE-07,Bengaluru South (JP Nagar) Zone 7,2015,12.93231137800132,77.6053547087365,16.86,551.34,90.65,1.0,140.5,RESIDENTIAL,0.98,True,LOCAL_DENSE
BNG-SOU-NODE-07,Bengaluru South (JP Nagar) Zone 7,2016,12.931205014130738,77.60633560385308,16.44,549.09,-2.5,1.0,136.71,RESIDENTIAL,0.9,True,LOCAL_DENSE
BNG-SOU-NODE-07,Bengaluru South (JP Nagar) Zone 7,2017,12.930402921808003,77.60542324490036,8.03,479.41,-51.16,0.74,62.36,RESIDENTIAL,0.93,True,LOCAL_DENSE
BNG-SOU-NODE-07,Bengaluru South (JP Nagar) Zone 7,2018,12.930926458560467,77.60617497888676,16.94,552.65,110.95,1.0,141.29,RESIDENTIAL,0.97,True,LOCAL_DENSE
BNG-SOU-NODE-07,Bengaluru South (JP Nagar) Zone 7,2019,12.932147976082195,77.6054189844993,10.7,506.9,-36.8,0.94,85.49,RESIDENTIAL,0.95,True,LOCAL_DENSE
BNG-SOU-NODE-07,Bengaluru South (JP Nagar) Zone 7,2020,12.930369332020348,77.60529389425446,8.68,486.84,-18.89,0.79,67.95,RESIDENTIAL,0.92,True,LOCAL_DENSE
BNG-SOU-NODE-07,Bengaluru South (JP Nagar) Zone 7,2021,12.93124896849308,77.60687628954226,23.68,588.86,172.81,1.0,203.97,RESIDENTIAL,0.95,True,LOCAL_DENSE
BNG-SOU-NODE-07,Bengaluru South (JP Nagar) Zone 7,2022,12.932039989168537,77.60624259831167,18.6,563.29,-21.45,1.0,156.68,RESIDENTIAL,0.91,True,LOCAL_DENSE
BNG-SOU-NODE-07,Bengaluru South (JP Nagar) Zone 7,2023,12.93046942663735,77.60543228026363,20.29,572.73,9.09,1.0,172.35,RESIDENTIAL,0.92,True,LOCAL_DENSE
BNG-SOU-NODE-08,Bengaluru South (JP Nagar) Zone 8,2000,12.911812458624892,77.5793473713361,5.13,558.1,0.0,0.43,29.95,RESIDENTIAL,0.92,True,LOCAL_DENSE
BNG-SOU-NODE-08,Bengaluru South (JP Nagar) Zone 8,2001,12.912226282630435,77.57989014198266,5.35,562.6,4.2,0.46,31.33,RESIDENTIAL,0.97,True,LOCAL_DENSE
BNG-SOU-NODE-08,Bengaluru South (JP Nagar) Zone 8,2002,12.913406138680946,77.58079184601706,5.94,573.96,11.09,0.53,35.16,RESIDENTIAL,0.92,True,LOCAL_DENSE
BNG-SOU-NODE-08,Bengaluru South (JP Nagar) Zone 8,2003,12.912090707672178,77.58093578035381,5.67,569.05,-4.62,0.5,33.39,RESIDENTIAL,0.96,True,LOCAL_DENSE
BNG-SOU-NODE-08,Bengaluru South (JP Nagar) Zone 8,2004,12.911821319621268,77.58009958238387,5.41,563.85,-4.63,0.46,31.7,RESIDENTIAL,0.98,True,LOCAL_DENSE
BNG-SOU-NODE-08,Bengaluru South (JP Nagar) Zone 8,2005,12.912067670640903,77.58070961793227,5.41,563.97,0.1,0.46,31.73,RESIDENTIAL,0.96,True,LOCAL_DENSE
BNG-SOU-NODE-08,Bengaluru South (JP Nagar) Zone 8,2006,12.912179092535716,77.57981270211457,5.52,566.25,2.05,0.48,32.45,RESIDENTIAL,0.98,True,LOCAL_DENSE
BNG-SOU-NODE-08,Bengaluru South (JP Nagar) Zone 8,2007,12.912840994719547,77.58074162346965,8.13,609.64,47.14,0.76,49.55,RESIDENTIAL,0.99,True,LOCAL_DENSE
BNG-SOU-NODE-08,Bengaluru South (JP Nagar) Zone 8,2008,12.912124125479918,77.57949525700549,8.11,609.6,-0.26,0.76,49.42,RESIDENTIAL,0.92,True,LOCAL_DENSE
BNG-SOU-NODE-08,Bengaluru South (JP Nagar) Zone 8,2009,12.91258393909667,77.5808776653349,9.82,631.9,21.11,0.9,60.94,RESIDENTIAL,0.95,True,LOCAL_DENSE
BNG-SOU-NODE-08,Bengaluru South (JP Nagar) Zone 8,2010,12.912452422694983,77.58052664513188,7.28,597.65,-25.81,0.68,43.96,RESIDENTIAL,0.95,True,LOCAL_DENSE
BNG-SOU-NODE-08,Bengaluru South (JP Nagar) Zone 8,2011,12.912478066397725,77.5792397430173,7.57,602.22,3.97,0.7,45.89,RESIDENTIAL,0.94,True,LOCAL_DENSE
BNG-SOU-NODE-08,Bengaluru South (JP Nagar) Zone 8,2012,12.912915093225054,77.58074580837224,10.12,636.31,33.59,0.92,63.02,RESIDENTIAL,0.96,True,LOCAL_DENSE
BNG-SOU-NODE-08,Bengaluru South (JP Nagar) Zone 8,2013,12.913487835899303,77.58094920140915,11.57,652.7,14.38,1.0,73.0,RESIDENTIAL,0.96,True,LOCAL_DENSE
BNG-SOU-NODE-08,Bengaluru South (JP Nagar) Zone 8,2014,12.912950323217142,77.58103482669821,10.58,642.08,-8.59,0.95,66.18,RESIDENTIAL,0.93,True,LOCAL_DENSE
BNG-SOU-NODE-08,Bengaluru South (JP Nagar) Zone 8,2015,12.91338557419177,77.57997099625969,62.56,878.47,491.45,1.0,458.58,RESIDENTIAL,0.96,True,LOCAL_DENSE
BNG-SOU-NODE-08,Bengaluru South (JP Nagar) Zone 8,2016,12.912733040282555,77.57919301939422,9.05,623.64,-85.53,0.83,55.82,RESIDENTIAL,0.92,True,LOCAL_DENSE
BNG-SOU-NODE-08,Bengaluru South (JP Nagar) Zone 8,2017,12.91204495311064,77.58025519462686,8.91,621.81,-1.58,0.82,54.85,RESIDENTIAL,0.93,True,LOCAL_DENSE
BNG-SOU-NODE-08,Bengaluru South (JP Nagar) Zone 8,2018,12.912806660791047,77.57920084951282,71.04,904.09,697.43,1.0,528.26,RESIDENTIAL,0.98,True,LOCAL_DENSE
BNG-SOU-NODE-08,Bengaluru South (JP Nagar) Zone 8,2019,12.913216668247479,77.57990661455548,7.93,608.04,-88.84,0.74,48.27,RESIDENTIAL,0.92,True,LOCAL_DENSE
BNG-SOU-NODE-08,Bengaluru South (JP Nagar) Zone 8,2020,12.913079816722744,77.57990715488756,11.04,648.15,39.21,0.97,69.38,RESIDENTIAL,0.92,True,LOCAL_DENSE
BNG-SOU-NODE-08,Bengaluru South (JP Nagar) Zone 8,2021,12.911627851810724,77.57965172914278,16.46,699.23,49.16,1.0,107.51,RESIDENTIAL,0.94,True,LOCAL_DENSE
BNG-SOU-NODE-08,Bengaluru South (JP Nagar) Zone 8,2022,12.91317079339253,77.57978810364992,8.44,615.62,-48.72,0.78,51.72,RESIDENTIAL,0.99,True,LOCAL_DENSE
BNG-SOU-NODE-08,Bengaluru South (JP Nagar) Zone 8,2023,12.91342985259675,77.57912551516817,18.14,712.52,114.84,1.0,119.56,RESIDENTIAL,0.97,True,LOCAL_DENSE
BNG-SOU-NODE-09,Bengaluru South (JP Nagar) Zone 9,2000,12.925123818941975,77.55366617019436,11.41,1603.16,0.0,0.18,21.19,COMMERCIAL,0.93,True,LOCAL_DENSE
BNG-SOU-NODE-09,Bengaluru South (JP Nagar) Zone 9,2001,12.925382653092257,77.5534556315661,14.09,1664.2,23.51,0.34,26.67,COMMERCIAL,0.98,True,LOCAL_DENSE
BNG-SOU-NODE-09,Bengaluru South (JP Nagar) Zone 9,2002,12.925535180106355,77.55283073905495,12.46,1631.03,-11.55,0.24,23.35,COMMERCIAL,0.94,True,LOCAL_DENSE
BNG-SOU-NODE-09,Bengaluru South (JP Nagar) Zone 9,2003,12.925488791435395,77.55234909084814,13.68,1660.36,9.77,0.31,25.86,COMMERCIAL,0.98,True,LOCAL_DENSE
BNG-SOU-NODE-09,Bengaluru South (JP Nagar) Zone 9,2004,12.925882171620566,77.55323329045306,12.9,1642.4,-5.69,0.26,24.26,COMMERCIAL,0.98,True,LOCAL_DENSE
BNG-SOU-NODE-09,Bengaluru South (JP Nagar) Zone 9,2005,12.925112090526335,77.55237289114514,13.65,1660.61,5.83,0.3,25.82,COMMERCIAL,0.97,True,LOCAL_DENSE
BNG-SOU-NODE-09,Bengaluru South (JP Nagar) Zone 9,2006,12.925599932195093,77.55336919449907,15.51,1701.68,13.6,0.4,29.69,COMMERCIAL,0.95,True,LOCAL_DENSE
BNG-SOU-NODE-09,Bengaluru South (JP Nagar) Zone 9,2007,12.924163879897371,77.55204335344983,18.81,1764.43,21.24,0.54,36.66,COMMERCIAL,0.96,True,LOCAL_DENSE
BNG-SOU-NODE-09,Bengaluru South (JP Nagar) Zone 9,2008,12.924866171165293,77.55292351661387,15.4,1700.06,-18.12,0.39,29.46,COMMERCIAL,0.93,True,LOCAL_DENSE
BNG-SOU-NODE-09,Bengaluru South (JP Nagar) Zone 9,2009,12.924972108166598,77.55205896832945,12.49,1632.33,-18.89,0.24,23.41,COMMERCIAL,0.91,True,LOCAL_DENSE
BNG-SOU-NODE-09,Bengaluru South (JP Nagar) Zone 9,2010,12.924086929580847,77.55371649336686,19.65,1781.29,57.37,0.57,38.5,COMMERCIAL,0.93,True,LOCAL_DENSE
BNG-SOU-NODE-09,Bengaluru South (JP Nagar) Zone 9,2011,12.925121439988152,77.55270307303098,24.15,1851.55,22.85,0.72,48.22,COMMERCIAL,0.96,True,LOCAL_DENSE
BNG-SOU-NODE-09,Bengaluru South (JP Nagar) Zone 9,2012,12.924513349362952,77.55302920983553,27.8,1901.22,15.14,0.82,56.27,COMMERCIAL,0.9,True,LOCAL_DENSE
BNG-SOU-NODE-09,Bengaluru South (JP Nagar) Zone 9,2013,12.924438257080311,77.5531832247738,119.15,2445.81,328.56,1.0,273.9,SUBURBAN,0.91,True,LOCAL_DENSE
BNG-SOU-NODE-09,Bengaluru South (JP Nagar) Zone 9,2014,12.924634335079055,77.55364272048793,31.96,1952.77,-73.18,0.93,65.56,COMMERCIAL,0.99,True,LOCAL_DENSE
BNG-SOU-NODE-09,Bengaluru South (JP Nagar) Zone 9,2015,12.924723393126426,77.55234770796697,28.93,1918.2,-9.48,0.85,58.81,COMMERCIAL,0.97,True,LOCAL_DENSE
BNG-SOU-NODE-09,Bengaluru South (JP Nagar) Zone 9,2016,12.925331975023552,77.55206025492241,26.39,1886.28,-8.77,0.78,53.2,COMMERCIAL,0.9,True,LOCAL_DENSE
BNG-SOU-NODE-09,Bengaluru South (JP Nagar) Zone 9,2017,12.92471425166799,77.55381714575927,35.38,1992.96,34.07,1.0,73.32,COMMERCIAL,0.97,True,LOCAL_DENSE
BNG-SOU-NODE-09,Bengaluru South (JP Nagar) Zone 9,2018,12.92474732015046,77.55340339973722,28.16,1910.56,-20.42,0.83,57.12,COMMERCIAL,0.92,True,LOCAL_DENSE
BNG-SOU-NODE-09,Bengaluru South (JP Nagar) Zone 9,2019,12.925191833281206,77.55276934539957,20.84,1804.49,-25.98,0.61,41.09,COMMERCIAL,0.93,True,LOCAL_DENSE
BNG-SOU-NODE-09,Bengaluru South (JP Nagar) Zone 9,2020,12.925543224755385,77.5535041400878,24.36,1859.52,16.87,0.72,48.74,COMMERCIAL,0.98,True,LOCAL_DENSE
BNG-SOU-NODE-09,Bengaluru South (JP Nagar) Zone 9,2021,12.9254101460491,77.5527503593128,49.62,2125.6,103.7,1.0,106.2,SUBURBAN,0.95,True,LOCAL_DENSE
BNG-SOU-NODE-09,Bengaluru South (JP Nagar) Zone 9,2022,12.925834787023064,77.55391625460526,61.34,2211.17,23.62,1.0,133.92,SUBURBAN,0.96,True,LOCAL_DENSE
BNG-SOU-NODE-09,Bengaluru South (JP Nagar) Zone 9,2023,12.924384996891318,77.55387052129618,29.64,1931.46,-51.68,0.86,60.45,COMMERCIAL,0.92,True,LOCAL_DENSE
BNG-SOU-NODE-10,Bengaluru South (JP Nagar) Zone 10,2000,12.915975898845142,77.57105959192373,6.55,293.03,0.0,0.39,31.73,RURAL,0.93,True,LOCAL_DENSE
BNG-SOU-NODE-10,Bengaluru South (JP Nagar) Zone 10,2001,12.91756670903153,77.57046618315192,6.67,294.03,1.73,0.4,32.34,RURAL,0.99,True,LOCAL_DENSE
BNG-SOU-NODE-10,Bengaluru South (JP Nagar) Zone 10,2002,12.917581275991806,77.57032043203121,7.12,297.83,6.82,0.45,34.77,RURAL,0.94,True,LOCAL_DENSE
BNG-SOU-NODE-10,Bengaluru South (JP Nagar) Zone 10,2003,12.917197019720778,77.57043720538653,8.07,304.97,13.31,0.54,39.86,RURAL,0.96,True,LOCAL_DENSE
BNG-SOU-NODE-10,Bengaluru South (JP Nagar) Zone 10,2004,12.916864094793262,77.57027367804368,8.87,310.49,9.92,0.61,44.21,RURAL,0.93,True,LOCAL_DENSE
BNG-SOU-NODE-10,Bengaluru South (JP Nagar) Zone 10,2005,12.917555915783868,77.57120251471808,6.9,296.09,-22.15,0.42,33.61,RURAL,0.97,True,LOCAL_DENSE
BNG-SOU-NODE-10,Bengaluru South (JP Nagar) Zone 10,2006,12.916068788332842,77.56972034316684,8.19,306.12,18.66,0.55,40.55,RURAL,0.94,True,LOCAL_DENSE
BNG-SOU-NODE-10,Bengaluru South (JP Nagar) Zone 10,2007,12.917489634965133,77.57048350091888,9.05,312.06,10.52,0.62,45.25,RURAL,0.93,True,LOCAL_DENSE
BNG-SOU-NODE-10,Bengaluru South (JP Nagar) Zone 10,2008,12.916279501745086,77.5707894859933,7.56,301.47,-16.46,0.49,37.16,RURAL,0.94,True,LOCAL_DENSE
BNG-SOU-NODE-10,Bengaluru South (JP Nagar) Zone 10,2009,12.916403982044114,77.57026127733748,9.86,317.32,30.4,0.68,49.71,RURAL,0.91,True,LOCAL_DENSE
BNG-SOU-NODE-10,Bengaluru South (JP Nagar) Zone 10,2010,12.917818861304998,77.56936994738808,9.78,316.85,-0.87,0.67,49.24,RURAL,0.94,True,LOCAL_DENSE
BNG-SOU-NODE-10,Bengaluru South (JP Nagar) Zone 10,2011,12.917305707706793,77.56958447796121,10.63,321.98,8.69,0.73,53.95,RURAL,0.92,True,LOCAL_DENSE
BNG-SOU-NODE-10,Bengaluru South (JP Nagar) Zone 10,2012,12.91612994106369,77.57022879206261,10.45,321.04,-1.62,0.72,53.0,RURAL,0.99,True,LOCAL_DENSE
BNG-SOU-NODE-10,Bengaluru South (JP Nagar) Zone 10,2013,12.91699449830273,77.56925818342748,9.86,317.52,-5.66,0.68,49.72,RURAL,0.97,True,LOCAL_DENSE
BNG-SOU-NODE-10,Bengaluru South (JP Nagar) Zone 10,2014,12.917276181234488,77.57120117532314,7.63,302.05,-22.61,0.49,37.53,RURAL,0.91,True,LOCAL_DENSE
BNG-SOU-NODE-10,Bengaluru South (JP Nagar) Zone 10,2015,12.917069741756329,77.56967333460521,48.55,424.39,536.12,1.0,283.31,RESIDENTIAL,0.95,True,LOCAL_DENSE
BNG-SOU-NODE-10,Bengaluru South (JP Nagar) Zone 10,2016,12.916919078636038,77.56940742154526,20.93,366.05,-56.89,1.0,113.34,RURAL,0.99,True,LOCAL_DENSE
BNG-SOU-NODE-10,Bengaluru South (JP Nagar) Zone 10,2017,12.917324376108956,77.57005035665871,12.67,333.35,-39.45,0.86,65.47,RURAL,0.96,True,LOCAL_DENSE
BNG-SOU-NODE-10,Bengaluru South (JP Nagar) Zone 10,2018,12.917804393427685,77.57106721766462,21.87,369.44,72.59,1.0,118.99,RURAL,0.96,True,LOCAL_DENSE
BNG-SOU-NODE-10,Bengaluru South (JP Nagar) Zone 10,2019,12.917806747438867,77.57123547274699,9.13,312.89,-58.28,0.62,45.67,RURAL,0.96,True,LOCAL_DENSE
BNG-SOU-NODE-10,Bengaluru South (JP Nagar) Zone 10,2020,12.91703546712838,77.57001161079322,27.66,386.17,203.11,1.0,153.86,RURAL,0.97,True,LOCAL_DENSE
BNG-SOU-NODE-10,Bengaluru South (JP Nagar) Zone 10,2021,12.916592584963913,77.57005209296013,23.3,374.29,-15.78,1.0,127.55,RURAL,0.96,True,LOCAL_DENSE
BNG-SOU-NODE-10,Bengaluru South (JP Nagar) Zone 10,2022,12.916711423888636,77.57032380833763,13.45,337.4,-42.28,0.9,69.88,RURAL,0.96,True,LOCAL_DENSE
BNG-SOU-NODE-10,Bengaluru South (JP Nagar) Zone 10,2023,12.915880390920998,77.57105491646686,11.39,326.78,-15.28,0.78,58.26,RURAL,0.91,True,LOCAL_DENSE
BNG-SOU-NODE-11,Bengaluru South (JP Nagar) Zone 11,2000,12.943555857296804,77.61770123849438,12.55,902.0,0.0,0.14,13.02,INDUSTRIAL,0.98,True,LOCAL_DENSE
BNG-SOU-NODE-11,Bengaluru South (JP Nagar) Zone 11,2001,12.944294850255446,77.61836348028737,13.22,911.11,5.32,0.18,13.78,INDUSTRIAL,0.94,True,LOCAL_DENSE
BNG-SOU-NODE-11,Bengaluru South (JP Nagar) Zone 11,2002,12.943481515174142,77.61942954863453,13.68,917.25,3.47,0.2,14.31,INDUSTRIAL,0.93,True,LOCAL_DENSE
BNG-SOU-NODE-11,Bengaluru South (JP Nagar) Zone 11,2003,12.943012138406472,77.61834030984456,15.55,939.75,13.64,0.3,16.46,INDUSTRIAL,0.91,True,LOCAL_DENSE
BNG-SOU-NODE-11,Bengaluru South (JP Nagar) Zone 11,2004,12.944777157244728,77.61899760500526,14.78,931.26,-4.9,0.26,15.58,INDUSTRIAL,0.94,True,LOCAL_DENSE
BNG-SOU-NODE-11,Bengaluru South (JP Nagar) Zone 11,2005,12.943089092807671,77.61797880671962,13.62,916.69,-7.87,0.2,14.24,INDUSTRIAL,0.97,True,LOCAL_DENSE
BNG-SOU-NODE-11,Bengaluru South (JP Nagar) Zone 11,2006,12.944984469023069,77.6191354779089,14.79,931.57,8.58,0.26,15.59,INDUSTRIAL,0.91,True,LOCAL_DENSE
BNG-SOU-NODE-11,Bengaluru South (JP Nagar) Zone 11,2007,12.943449937328296,77.61766994404213,18.38,971.1,24.27,0.42,19.78,INDUSTRIAL,0.91,True,LOCAL_DENSE
BNG-SOU-NODE-11,Bengaluru South (JP Nagar) Zone 11,2008,12.943451441000416,77.61798017192761,17.36,960.88,-5.57,0.37,18.58,INDUSTRIAL,0.92,True,LOCAL_DENSE
BNG-SOU-NODE-11,Bengaluru South (JP Nagar) Zone 11,2009,12.94326132793835,77.61927801138154,16.22,948.59,-6.56,0.32,17.25,INDUSTRIAL,0.97,True,LOCAL_DENSE
BNG-SOU-NODE-11,Bengaluru South (JP Nagar) Zone 11,2010,12.943731346438609,77.61780365063272,14.84,932.42,-8.48,0.26,15.65,INDUSTRIAL,0.92,True,LOCAL_DENSE
BNG-SOU-NODE-11,Bengaluru South (JP Nagar) Zone 11,2011,12.944439543953068,77.61853831118995,133.57,1369.41,799.89,1.0,170.99,INDUSTRIAL,0.96,True,LOCAL_DENSE
BNG-SOU-NODE-11,Bengaluru South (JP Nagar) Zone 11,2012,12.944433941881117,77.61935409183815,22.79,1012.72,-82.94,0.57,25.04,INDUSTRIAL,0.94,True,LOCAL_DENSE
BNG-SOU-NODE-11,Bengaluru South (JP Nagar) Zone 11,2013,12.944306222931939,77.61864887201101,28.98,1059.62,27.17,0.75,32.58,INDUSTRIAL,0.95,True,LOCAL_DENSE
BNG-SOU-NODE-11,Bengaluru South (JP Nagar) Zone 11,2014,12.94432273717563,77.61771078705037,17.07,958.41,-41.1,0.36,18.25,INDUSTRIAL,0.98,True,LOCAL_DENSE
BNG-SOU-NODE-11,Bengaluru South (JP Nagar) Zone 11,2015,12.944702955939265,77.6191374293292,18.65,975.11,9.26,0.42,20.11,INDUSTRIAL,0.9,True,LOCAL_DENSE
BNG-SOU-NODE-11,Bengaluru South (JP Nagar) Zone 11,2016,12.944169406393819,77.6188584380818,40.35,1128.07,116.36,0.99,46.81,INDUSTRIAL,0.97,True,LOCAL_DENSE
BNG-SOU-NODE-11,Bengaluru South (JP Nagar) Zone 11,2017,12.944118241743745,77.61883748415967,27.53,1050.89,-31.79,0.7,30.81,INDUSTRIAL,0.95,True,LOCAL_DENSE
BNG-SOU-NODE-11,Bengaluru South (JP Nagar) Zone 11,2018,12.944045947979781,77.61838290077944,23.08,1016.34,-16.16,0.58,25.4,INDUSTRIAL,0.95,True,LOCAL_DENSE
BNG-SOU-NODE-11,Bengaluru South (JP Nagar) Zone 11,2019,12.94366498519193,77.61956399822442,23.68,1021.49,2.6,0.59,26.13,INDUSTRIAL,0.98,True,LOCAL_DENSE
BNG-SOU-NODE-11,Bengaluru South (JP Nagar) Zone 11,2020,12.943741267865903,77.61931967268204,45.74,1156.86,93.16,1.0,53.73,INDUSTRIAL,0.91,True,LOCAL_DENSE
BNG-SOU-NODE-11,Bengaluru South (JP Nagar) Zone 11,2021,12.944920760526292,77.61770857988299,228.73,1540.57,400.09,1.0,310.48,INDUSTRIAL,0.96,True,LOCAL_DENSE
BNG-SOU-NODE-11,Bengaluru South (JP Nagar) Zone 11,2022,12.944727231395163,77.61804733679458,43.42,1146.67,-81.02,1.0,50.78,INDUSTRIAL,0.99,True,LOCAL_DENSE
BNG-SOU-NODE-11,Bengaluru South (JP Nagar) Zone 11,2023,12.943202856978832,77.61834405509752,57.18,1207.4,31.69,1.0,68.63,INDUSTRIAL,0.96,True,LOCAL_DENSE
BNG-SOU-NODE-12,Bengaluru South (JP Nagar) Zone 12,2000,12.93105478642248,77.62442214749001,6.11,2466.91,0.0,0.44,16.03,SUBURBAN,0.91,True,LOCAL_DENSE
BNG-SOU-NODE-12,Bengaluru South (JP Nagar) Zone 12,2001,12.931974492678496,77.62315610112002,6.53,2498.38,6.81,0.48,17.23,SUBURBAN,0.98,True,LOCAL_DENSE
BNG-SOU-NODE-12,Bengaluru South (JP Nagar) Zone 12,2002,12.931499831117469,77.62455757437431,6.31,2482.31,-3.39,0.46,16.59,SUBURBAN,0.91,True,LOCAL_DENSE
BNG-SOU-NODE-12,Bengaluru South (JP Nagar) Zone 12,2003,12.931480340995881,77.62391519072754,7.64,2574.38,21.09,0.6,20.46,SUBURBAN,0.92,True,LOCAL_DENSE
BNG-SOU-NODE-12,Bengaluru South (JP Nagar) Zone 12,2004,12.930942579827844,77.62503197772844,7.89,2591.0,3.25,0.62,21.2,SUBURBAN,0.96,True,LOCAL_DENSE
BNG-SOU-NODE-12,Bengaluru South (JP Nagar) Zone 12,2005,12.930918374771581,77.62353112259765,7.16,2544.72,-9.21,0.55,19.07,SUBURBAN,0.97,True,LOCAL_DENSE
BNG-SOU-NODE-12,Bengaluru South (JP Nagar) Zone 12,2006,12.931217398849128,77.62325257652563,8.03,2601.28,12.1,0.63,21.62,SUBURBAN,0.97,True,LOCAL_DENSE
BNG-SOU-NODE-12,Bengaluru South (JP Nagar) Zone 12,2007,12.93043593556963,77.62404527046618,8.07,2604.36,0.52,0.63,21.74,SUBURBAN,0.95,True,LOCAL_DENSE
BNG-SOU-NODE-12,Bengaluru South (JP Nagar) Zone 12,2008,12.93225090204284,77.62447711093185,7.55,2571.79,-6.4,0.59,20.22,SUBURBAN,0.98,True,LOCAL_DENSE
BNG-SOU-NODE-12,Bengaluru South (JP Nagar) Zone 12,2009,12.931668058907352,77.62460530403172,11.09,2766.23,46.82,0.87,30.8,SUBURBAN,0.91,True,LOCAL_DENSE
BNG-SOU-NODE-12,Bengaluru South (JP Nagar) Zone 12,2010,12.930845779707207,77.62472057878387,10.17,2723.21,-8.25,0.8,28.03,SUBURBAN,0.92,True,LOCAL_DENSE
BNG-SOU-NODE-12,Bengaluru South (JP Nagar) Zone 12,2011,12.93175251151011,77.62481084016781,9.93,2711.33,-2.42,0.78,27.3,SUBURBAN,0.97,True,LOCAL_DENSE
BNG-SOU-NODE-12,Bengaluru South (JP Nagar) Zone 12,2012,12.931195907563511,77.62344261453624,11.14,2771.62,12.18,0.87,30.96,SUBURBAN,0.96,True,LOCAL_DENSE
BNG-SOU-NODE-12,Bengaluru South (JP Nagar) Zone 12,2013,12.93063044350591,77.62488717080255,99.01,4034.59,789.07,1.0,332.83,URBAN,0.98,True,LOCAL_DENSE
BNG-SOU-NODE-12,Bengaluru South (JP Nagar) Zone 12,2014,12.931260147331988,77.62416786091066,16.23,2975.17,-83.61,1.0,46.74,SUBURBAN,0.92,True,LOCAL_DENSE
BNG-SOU-NODE-12,Bengaluru South (JP Nagar) Zone 12,2015,12.932103206218915,77.62323640015713,7.95,2598.79,-50.99,0.62,21.41,SUBURBAN,0.94,True,LOCAL_DENSE
BNG-SOU-NODE-12,Bengaluru South (JP Nagar) Zone 12,2016,12.930547694934363,77.62438863313314,9.64,2698.15,21.23,0.76,26.44,SUBURBAN,0.98,True,LOCAL_DENSE
BNG-SOU-NODE-12,Bengaluru South (JP Nagar) Zone 12,2017,12.930521221484756,77.62460277894117,12.77,2847.72,32.42,0.96,35.98,SUBURBAN,0.92,True,LOCAL_DENSE
BNG-SOU-NODE-12,Bengaluru South (JP Nagar) Zone 12,2018,12.93215922161929,77.62331428628781,10.91,2763.72,-14.57,0.85,30.28,SUBURBAN,0.94,True,LOCAL_DENSE
BNG-SOU-NODE-12,Bengaluru South (JP Nagar) Zone 12,2019,12.930555401894598,77.6245155459405,20.93,3126.38,91.92,1.0,61.82,SUBURBAN,0.96,True,LOCAL_DENSE
BNG-SOU-NODE-12,Bengaluru South (JP Nagar) Zone 12,2020,12.930875474702665,77.62369617759508,13.88,2894.96,-33.71,1.0,39.43,SUBURBAN,0.98,True,LOCAL_DENSE
BNG-SOU-NODE-12,Bengaluru South (JP Nagar) Zone 12,2021,12.93039349912973,77.62347057303093,9.03,2664.61,-34.95,0.71,24.6,SUBURBAN,0.98,True,LOCAL_DENSE
BNG-SOU-NODE-12,Bengaluru South (JP Nagar) Zone 12,2022,12.931521369637942,77.62503451302922,7.69,2581.75,-14.86,0.6,20.62,SUBURBAN,0.96,True,LOCAL_DENSE
BNG-SOU-NODE-12,Bengaluru South (JP Nagar) Zone 12,2023,12.930548024372582,77.62411899590731,34.29,3431.07,346.18,1.0,106.11,SUBURBAN,0.95,True,LOCAL_DENSE
BNG-SOU-NODE-13,Bengaluru South (JP Nagar) Zone 13,2000,12.929991159367145,77.55706893527741,14.19,246.49,0.0,0.43,24.83,RURAL,0.99,True,LOCAL_DENSE
BNG-SOU-NODE-13,Bengaluru South (JP Nagar) Zone 13,2001,12.930286845521259,77.5565434125064,14.51,247.56,2.22,0.44,25.43,RURAL,0.94,True,LOCAL_DENSE
BNG-SOU-NODE-13,Bengaluru South (JP Nagar) Zone 13,2002,12.930164135544329,77.55651441369986,14.8,248.54,2.01,0.46,26.0,RURAL,0.98,True,LOCAL_DENSE
BNG-SOU-NODE-13,Bengaluru South (JP Nagar) Zone 13,2003,12.929470894349175,77.55728911623183,14.95,249.02,0.99,0.46,26.28,RURAL,0.92,True,LOCAL_DENSE
BNG-SOU-NODE-13,Bengaluru South (JP Nagar) Zone 13,2004,12.931001955351098,77.55705080420485,16.14,252.78,7.98,0.52,28.59,RURAL,0.91,True,LOCAL_DENSE
BNG-SOU-NODE-13,Bengaluru South (JP Nagar) Zone 13,2005,12.929697701143992,77.55644677279165,19.8,262.79,22.71,0.67,35.77,RURAL,0.94,True,LOCAL_DENSE
BNG-SOU-NODE-13,Bengaluru South (JP Nagar) Zone 13,2006,12.92953616850312,77.55682335247126,19.71,262.67,-0.47,0.66,35.6,RURAL,0.91,True,LOCAL_DENSE
BNG-SOU-NODE-13,Bengaluru South (JP Nagar) Zone 13,2007,12.9312953810116,77.55722676544727,20.25,264.09,2.74,0.68,36.67,RURAL,0.97,True,LOCAL_DENSE
BNG-SOU-NODE-13,Bengaluru South (JP Nagar) Zone 13,2008,12.931184532134507,77.55711225542274,21.69,267.6,7.1,0.73,39.53,RURAL,0.91,True,LOCAL_DENSE
BNG-SOU-NODE-13,Bengaluru South (JP Nagar) Zone 13,2009,12.929667267322827,77.55666134679754,20.62,265.13,-4.91,0.69,37.42,RURAL,0.96,True,LOCAL_DENSE
BNG-SOU-NODE-13,Bengaluru South (JP Nagar) Zone 13,2010,12.930232124813719,77.55765411215624,16.71,254.58,-18.98,0.54,29.7,RURAL,0.95,True,LOCAL_DENSE
BNG-SOU-NODE-13,Bengaluru South (JP Nagar) Zone 13,2011,12.930058681581123,77.55670726612287,26.53,278.18,58.79,0.88,49.31,RURAL,0.98,True,LOCAL_DENSE
BNG-SOU-NODE-13,Bengaluru South (JP Nagar) Zone 13,2012,12.930916361619191,77.55630029849054,16.98,255.41,-36.0,0.55,30.24,RURAL,0.94,True,LOCAL_DENSE
BNG-SOU-NODE-13,Bengaluru South (JP Nagar) Zone 13,2013,12.930870684893438,77.55675842281154,216.19,399.28,1173.1,1.0,482.4,RURAL,0.97,True,LOCAL_DENSE
BNG-SOU-NODE-13,Bengaluru South (JP Nagar) Zone 13,2014,12.929949901853792,77.55756303252191,27.67,280.65,-87.2,0.91,51.65,RURAL,0.91,True,LOCAL_DENSE
BNG-SOU-NODE-13,Bengaluru South (JP Nagar) Zone 13,2015,12.929839718561672,77.55676709667728,29.52,284.17,6.67,0.95,55.45,RURAL,0.93,True,LOCAL_DENSE
BNG-SOU-NODE-13,Bengaluru South (JP Nagar) Zone 13,2016,12.931054168128595,77.55745566557343,30.88,286.67,4.61,0.98,58.26,RURAL,0.98,True,LOCAL_DENSE
BNG-SOU-NODE-13,Bengaluru South (JP Nagar) Zone 13,2017,12.929852315348821,77.55707223679869,25.42,276.31,-17.67,0.84,47.09,RURAL,0.94,True,LOCAL_DENSE
BNG-SOU-NODE-13,Bengaluru South (JP Nagar) Zone 13,2018,12.929469334486864,77.5572104127676,35.49,294.47,39.62,1.0,67.88,RURAL,0.91,True,LOCAL_DENSE
BNG-SOU-NODE-13,Bengaluru South (JP Nagar) Zone 13,2019,12.929619658584022,77.55666617149207,41.62,303.5,17.27,1.0,80.81,RURAL,0.91,True,LOCAL_DENSE
BNG-SOU-NODE-13,Bengaluru South (JP Nagar) Zone 13,2020,12.931443280976023,77.55602251705294,194.2,400.16,366.59,1.0,433.48,RESIDENTIAL,0.9,True,LOCAL_DENSE
BNG-SOU-NODE-13,Bengaluru South (JP Nagar) Zone 13,2021,12.929585889582986,77.55738409491387,67.0,331.75,-65.5,1.0,136.04,RURAL,0.92,True,LOCAL_DENSE
BNG-SOU-NODE-13,Bengaluru South (JP Nagar) Zone 13,2022,12.92969791291466,77.55652082949639,204.6,405.14,205.38,1.0,459.48,RESIDENTIAL,0.97,True,LOCAL_DENSE
BNG-SOU-NODE-13,Bengaluru South (JP Nagar) Zone 13,2023,12.931394852110378,77.55595939221107,81.85,344.56,-59.99,1.0,169.38,RURAL,0.94,True,LOCAL_DENSE
BNG-SOU-NODE-14,Bengaluru South (JP Nagar) Zone 14,2000,12.879609004369243,77.59374992960592,5.25,665.2,0.0,0.46,48.97,RESIDENTIAL,0.98,True,LOCAL_DENSE
BNG-SOU-NODE-14,Bengaluru South (JP Nagar) Zone 14,2001,12.880837392572026,77.59464951453728,5.63,674.08,7.15,0.51,52.82,RESIDENTIAL,0.95,True,LOCAL_DENSE
BNG-SOU-NODE-14,Bengaluru South (JP Nagar) Zone 14,2002,12.879838732121192,77.59545449460137,6.11,684.78,8.62,0.57,57.82,RESIDENTIAL,0.98,True,LOCAL_DENSE
BNG-SOU-NODE-14,Bengaluru South (JP Nagar) Zone 14,2003,12.879664866423958,77.59566299422752,5.87,679.71,-4.06,0.54,55.27,RESIDENTIAL,0.91,True,LOCAL_DENSE
BNG-SOU-NODE-14,Bengaluru South (JP Nagar) Zone 14,2004,12.880196265599164,77.59413193754693,5.91,680.8,0.77,0.54,55.74,RESIDENTIAL,0.93,True,LOCAL_DENSE
BNG-SOU-NODE-14,Bengaluru South (JP Nagar) Zone 14,2005,12.87941037907867,77.5943042416375,6.22,687.62,5.24,0.58,58.96,RESIDENTIAL,0.99,True,LOCAL_DENSE
BNG-SOU-NODE-14,Bengaluru South (JP Nagar) Zone 14,2006,12.879875201083268,77.5942842167957,7.19,706.92,15.57,0.68,69.09,RESIDENTIAL,0.93,True,LOCAL_DENSE
BNG-SOU-NODE-14,Bengaluru South (JP Nagar) Zone 14,2007,12.881044479524494,77.59560443978783,7.0,703.49,-2.66,0.66,67.08,RESIDENTIAL,0.92,True,LOCAL_DENSE
BNG-SOU-NODE-14,Bengaluru South (JP Nagar) Zone 14,2008,12.881082271268387,77.5942929156488,6.68,697.38,-4.52,0.63,63.77,RESIDENTIAL,0.96,True,LOCAL_DENSE
BNG-SOU-NODE-14,Bengaluru South (JP Nagar) Zone 14,2009,12.881181487153805,77.59515588114603,9.76,749.24,46.1,0.91,96.58,RESIDENTIAL,0.95,True,LOCAL_DENSE
BNG-SOU-NODE-14,Bengaluru South (JP Nagar) Zone 14,2010,12.88080746434336,77.59461531497884,9.3,742.94,-4.68,0.87,91.67,RESIDENTIAL,0.91,True,LOCAL_DENSE
BNG-SOU-NODE-14,Bengaluru South (JP Nagar) Zone 14,2011,12.880480683668077,77.59412461893747,6.25,688.47,-32.84,0.58,59.26,RESIDENTIAL,0.96,True,LOCAL_DENSE
BNG-SOU-NODE-14,Bengaluru South (JP Nagar) Zone 14,2012,12.880371950839415,77.59545486302703,10.3,757.79,64.89,0.94,102.53,RESIDENTIAL,0.97,True,LOCAL_DENSE
BNG-SOU-NODE-14,Bengaluru South (JP Nagar) Zone 14,2013,12.880352142213917,77.59396894890621,25.4,892.07,146.46,1.0,274.35,RESIDENTIAL,0.95,True,LOCAL_DENSE
BNG-SOU-NODE-14,Bengaluru South (JP Nagar) Zone 14,2014,12.88067769483273,77.59384136432564,6.15,686.39,-75.78,0.57,58.24,RESIDENTIAL,0.97,True,LOCAL_DENSE
BNG-SOU-NODE-14,Bengaluru South (JP Nagar) Zone 14,2015,12.880106771666943,77.59457335663407,7.73,717.73,25.62,0.73,74.82,RESIDENTIAL,0.98,True,LOCAL_DENSE
BNG-SOU-NODE-14,Bengaluru South (JP Nagar) Zone 14,2016,12.879816906923104,77.59422520051395,76.05,1080.23,884.2,1.0,905.01,COMMERCIAL,0.94,True,LOCAL_DENSE
BNG-SOU-NODE-14,Bengaluru South (JP Nagar) Zone 14,2017,12.8809827641563,77.59555963226593,17.52,838.09,-76.96,1.0,183.43,RESIDENTIAL,0.93,True,LOCAL_DENSE
BNG-SOU-NODE-14,Bengaluru South (JP Nagar) Zone 14,2018,12.879311749686769,77.59508031481482,7.01,704.24,-60.02,0.66,67.19,RESIDENTIAL,0.91,True,LOCAL_DENSE
BNG-SOU-NODE-14,Bengaluru South (JP Nagar) Zone 14,2019,12.880257261727666,77.59435999016766,12.56,788.19,79.3,1.0,127.47,RESIDENTIAL,0.93,True,LOCAL_DENSE
BNG-SOU-NODE-14,Bengaluru South (JP Nagar) Zone 14,2020,12.879514015728535,77.59431173258488,11.63,776.85,-7.44,1.0,117.13,RESIDENTIAL,0.97,True,LOCAL_DENSE
BNG-SOU-NODE-14,Bengaluru South (JP Nagar) Zone 14,2021,12.880063766762468,77.59388250569,24.18,891.19,108.0,1.0,261.03,RESIDENTIAL,0.91,True,LOCAL_DENSE
BNG-SOU-NODE-14,Bengaluru South (JP Nagar) Zone 14,2022,12.879861245507596,77.59396414575772,18.48,848.35,-23.57,1.0,194.63,RESIDENTIAL,0.9,True,LOCAL_DENSE
BNG-SOU-NODE-14,Bengaluru South (JP Nagar) Zone 14,2023,12.879459246793262,77.59381639494269,24.73,895.85,33.79,1.0,267.61,RESIDENTIAL,0.92,True,LOCAL_DENSE
BNG-SOU-NODE-15,Bengaluru South (JP Nagar) Zone 15,2000,12.904833279455117,77.55567442145046,4.89,1832.52,0.0,0.43,23.13,COMMERCIAL,0.93,True,LOCAL_DENSE
BNG-SOU-NODE-15,Bengaluru South (JP Nagar) Zone 15,2001,12.905509957520833,77.55537077813125,5.22,1855.46,6.68,0.47,24.83,COMMERCIAL,0.92,True,LOCAL_DENSE
BNG-SOU-NODE-15,Bengaluru South (JP Nagar) Zone 15,2002,12.904591009256112,77.55606389736892,7.34,1969.63,40.67,0.74,36.0,COMMERCIAL,0.91,True,LOCAL_DENSE
BNG-SOU-NODE-15,Bengaluru South (JP Nagar) Zone 15,2003,12.904514017755377,77.5555838766944,5.36,1865.53,-27.02,0.49,25.56,COMMERCIAL,0.95,True,LOCAL_DENSE
BNG-SOU-NODE-15,Bengaluru South (JP Nagar) Zone 15,2004,12.904763804792115,77.5564089276327,5.58,1880.46,4.16,0.52,26.73,COMMERCIAL,0.9,True,LOCAL_DENSE
BNG-SOU-NODE-15,Bengaluru South (JP Nagar) Zone 15,2005,12.905424375003312,77.5554017220563,5.26,1859.12,-5.73,0.48,25.05,COMMERCIAL,0.97,True,LOCAL_DENSE
BNG-SOU-NODE-15,Bengaluru South (JP Nagar) Zone 15,2006,12.90525090753325,77.55589437385947,5.87,1899.2,11.55,0.56,28.25,COMMERCIAL,0.95,True,LOCAL_DENSE
BNG-SOU-NODE-15,Bengaluru South (JP Nagar) Zone 15,2007,12.905445407457117,77.5568719185257,8.35,2029.67,42.27,0.82,41.55,SUBURBAN,0.96,True,LOCAL_DENSE
BNG-SOU-NODE-15,Bengaluru South (JP Nagar) Zone 15,2008,12.904978000660481,77.55711723309867,7.04,1967.04,-15.69,0.69,34.48,COMMERCIAL,0.99,True,LOCAL_DENSE
BNG-SOU-NODE-15,Bengaluru South (JP Nagar) Zone 15,2009,12.90607850227646,77.55692190795102,7.79,2005.34,10.6,0.76,38.51,SUBURBAN,0.91,True,LOCAL_DENSE
BNG-SOU-NODE-15,Bengaluru South (JP Nagar) Zone 15,2010,12.905141231046347,77.55618698270881,5.47,1873.44,-29.78,0.51,26.14,COMMERCIAL,0.93,True,LOCAL_DENSE
BNG-SOU-NODE-15,Bengaluru South (JP Nagar) Zone 15,2011,12.904705053509796,77.55686422617124,8.62,2045.24,57.62,0.83,43.05,SUBURBAN,0.97,True,LOCAL_DENSE
BNG-SOU-NODE-15,Bengaluru South (JP Nagar) Zone 15,2012,12.904849244641337,77.55542270327054,9.16,2069.37,6.26,0.88,46.02,SUBURBAN,0.94,True,LOCAL_DENSE
BNG-SOU-NODE-15,Bengaluru South (JP Nagar) Zone 15,2013,12.9053630134285,77.55628532435169,9.32,2076.9,1.79,0.89,46.92,SUBURBAN,0.93,True,LOCAL_DENSE
BNG-SOU-NODE-15,Bengaluru South (JP Nagar) Zone 15,2014,12.904685407472046,77.55562036324068,7.71,2003.48,-17.3,0.75,38.11,SUBURBAN,0.95,True,LOCAL_DENSE
BNG-SOU-NODE-15,Bengaluru South (JP Nagar) Zone 15,2015,12.905959645611969,77.5565880316358,11.92,2176.24,54.6,1.0,61.42,SUBURBAN,0.95,True,LOCAL_DENSE
BNG-SOU-NODE-15,Bengaluru South (JP Nagar) Zone 15,2016,12.906207382069374,77.55610301006224,10.79,2136.78,-9.46,0.99,55.1,SUBURBAN,0.95,True,LOCAL_DENSE
BNG-SOU-NODE-15,Bengaluru South (JP Nagar) Zone 15,2017,12.905289403069878,77.55717169934972,15.75,2293.7,45.96,1.0,83.33,SUBURBAN,0.98,True,LOCAL_DENSE
BNG-SOU-NODE-15,Bengaluru South (JP Nagar) Zone 15,2018,12.905346467726943,77.55563129216765,16.45,2313.25,4.41,1.0,87.38,SUBURBAN,0.93,True,LOCAL_DENSE
BNG-SOU-NODE-15,Bengaluru South (JP Nagar) Zone 15,2019,12.904895210619914,77.55580722675897,18.44,2363.89,12.15,1.0,99.06,SUBURBAN,0.98,True,LOCAL_DENSE
BNG-SOU-NODE-15,Bengaluru South (JP Nagar) Zone 15,2020,12.905005437081488,77.55572881711288,6.99,1966.4,-62.11,0.68,34.22,COMMERCIAL,0.95,True,LOCAL_DENSE
BNG-SOU-NODE-15,Bengaluru South (JP Nagar) Zone 15,2021,12.906060259478846,77.55634624293594,12.13,2187.32,73.62,1.0,62.67,SUBURBAN,0.95,True,LOCAL_DENSE
BNG-SOU-NODE-15,Bengaluru South (JP Nagar) Zone 15,2022,12.904529886544857,77.5572170156687,25.36,2510.6,109.07,1.0,140.41,SUBURBAN,0.92,True,LOCAL_DENSE
BNG-SOU-NODE-15,Bengaluru South (JP Nagar) Zone 15,2023,12.905461592052454,77.5560059099401,330.4,3907.65,1202.66,1.0,2287.77,SUBURBAN,0.93,True,LOCAL_DENSE
BNG-EAS-NODE-01,Bengaluru East (Whitefield) Zone 1,2000,12.983952634612132,77.77994103401039,9.62,1726.49,0.0,0.32,43.75,INDUSTRIAL,0.9,True,LOCAL_DENSE
BNG-EAS-NODE-01,Bengaluru East (Whitefield) Zone 1,2001,12.983686340942157,77.77960005138547,10.32,1749.65,7.19,0.37,47.21,INDUSTRIAL,0.96,True,LOCAL_DENSE
BNG-EAS-NODE-01,Bengaluru East (Whitefield) Zone 1,2002,12.984199232324578,77.78018971648335,10.51,1756.27,1.85,0.38,48.17,INDUSTRIAL,0.97,True,LOCAL_DENSE
BNG-EAS-NODE-01,Bengaluru East (Whitefield) Zone 1,2003,12.984492294855976,77.78129829750104,11.1,1774.9,5.6,0.42,51.14,INDUSTRIAL,0.96,True,LOCAL_DENSE
BNG-EAS-NODE-01,Bengaluru East (Whitefield) Zone 1,2004,12.984863287570532,77.77957311436877,11.59,1790.07,4.47,0.45,53.65,INDUSTRIAL,0.92,True,LOCAL_DENSE
BNG-EAS-NODE-01,Bengaluru East (Whitefield) Zone 1,2005,12.984334712377597,77.77996096913999,16.34,1907.03,40.97,0.71,78.08,INDUSTRIAL,0.98,True,LOCAL_DENSE
BNG-EAS-NODE-01,Bengaluru East (Whitefield) Zone 1,2006,12.984171062623023,77.78023372524319,14.87,1876.56,-8.99,0.63,70.48,INDUSTRIAL,0.94,True,LOCAL_DENSE
BNG-EAS-NODE-01,Bengaluru East (Whitefield) Zone 1,2007,12.98394930384982,77.7811263575936,13.34,1839.69,-10.29,0.55,62.6,INDUSTRIAL,0.9,True,LOCAL_DENSE
BNG-EAS-NODE-01,Bengaluru East (Whitefield) Zone 1,2008,12.984171344945432,77.78064925204207,11.48,1787.55,-13.96,0.44,53.09,INDUSTRIAL,0.94,True,LOCAL_DENSE
BNG-EAS-NODE-01,Bengaluru East (Whitefield) Zone 1,2009,12.984232867828528,77.77963020291966,12.18,1808.42,6.12,0.49,56.66,INDUSTRIAL,0.98,True,LOCAL_DENSE
BNG-EAS-NODE-01,Bengaluru East (Whitefield) Zone 1,2010,12.983167539048365,77.7805284046683,58.9,2391.94,383.59,1.0,315.56,INDUSTRIAL,0.91,True,LOCAL_DENSE
BNG-EAS-NODE-01,Bengaluru East (Whitefield) Zone 1,2011,12.983022671950971,77.78018587688095,13.24,1838.31,-77.51,0.55,62.13,INDUSTRIAL,0.93,True,LOCAL_DENSE
BNG-EAS-NODE-01,Bengaluru East (Whitefield) Zone 1,2012,12.984632650159151,77.78113020718361,15.3,1890.2,15.52,0.65,72.78,INDUSTRIAL,0.9,True,LOCAL_DENSE
BNG-EAS-NODE-01,Bengaluru East (Whitefield) Zone 1,2013,12.984999037106416,77.77971667269672,18.43,1958.54,20.45,0.79,89.24,INDUSTRIAL,0.95,True,LOCAL_DENSE
BNG-EAS-NODE-01,Bengaluru East (Whitefield) Zone 1,2014,12.984240766488778,77.77954872488309,11.74,1795.92,-36.29,0.46,54.44,INDUSTRIAL,0.96,True,LOCAL_DENSE
BNG-EAS-NODE-01,Bengaluru East (Whitefield) Zone 1,2015,12.984896473426245,77.78140005522235,13.3,1840.42,13.3,0.55,62.44,INDUSTRIAL,0.98,True,LOCAL_DENSE
BNG-EAS-NODE-01,Bengaluru East (Whitefield) Zone 1,2016,12.98490415131933,77.78068842591625,29.84,2144.93,124.32,1.0,151.25,INDUSTRIAL,0.97,True,LOCAL_DENSE
BNG-EAS-NODE-01,Bengaluru East (Whitefield) Zone 1,2017,12.984466332725036,77.7794685612929,27.68,2116.44,-7.23,1.0,139.37,INDUSTRIAL,0.96,True,LOCAL_DENSE
BNG-EAS-NODE-01,Bengaluru East (Whitefield) Zone 1,2018,12.984485350086569,77.7803469143953,23.75,2057.35,-14.21,0.97,117.87,INDUSTRIAL,0.97,True,LOCAL_DENSE
BNG-EAS-NODE-01,Bengaluru East (Whitefield) Zone 1,2019,12.9838730019209,77.78110184811486,33.9,2199.46,42.75,1.0,174.01,INDUSTRIAL,0.95,True,LOCAL_DENSE
BNG-EAS-NODE-01,Bengaluru East (Whitefield) Zone 1,2020,12.984604339188582,77.7796020756349,12.07,1805.92,-64.4,0.48,56.12,INDUSTRIAL,0.98,True,LOCAL_DENSE
BNG-EAS-NODE-01,Bengaluru East (Whitefield) Zone 1,2021,12.983348925930976,77.77965027647296,17.13,1933.92,41.94,0.73,82.43,INDUSTRIAL,0.91,True,LOCAL_DENSE
BNG-EAS-NODE-01,Bengaluru East (Whitefield) Zone 1,2022,12.9837538971767,77.78030986069713,16.94,1929.78,-1.14,0.72,81.4,INDUSTRIAL,0.91,True,LOCAL_DENSE
BNG-EAS-NODE-01,Bengaluru East (Whitefield) Zone 1,2023,12.983608721598866,77.78021634042825,1040.93,3968.34,6046.05,1.0,7200.8,INDUSTRIAL,0.91,True,LOCAL_DENSE
BNG-EAS-NODE-02,Bengaluru East (Whitefield) Zone 2,2000,12.96723740359865,77.78299612109527,7.89,1550.08,0.0,0.29,45.92,COMMERCIAL,0.98,True,LOCAL_DENSE
BNG-EAS-NODE-02,Bengaluru East (Whitefield) Zone 2,2001,12.965731349974787,77.78139923533485,8.19,1561.35,3.77,0.31,47.82,COMMERCIAL,0.92,True,LOCAL_DENSE
BNG-EAS-NODE-02,Bengaluru East (Whitefield) Zone 2,2002,12.965933836211507,77.78131986339783,8.4,1569.18,2.57,0.33,49.18,COMMERCIAL,0.92,True,LOCAL_DENSE
BNG-EAS-NODE-02,Bengaluru East (Whitefield) Zone 2,2003,12.965696760695993,77.78327144477727,8.48,1572.16,0.94,0.34,49.68,COMMERCIAL,0.94,True,LOCAL_DENSE
BNG-EAS-NODE-02,Bengaluru East (Whitefield) Zone 2,2004,12.965534511680918,77.78268464005966,15.96,1760.32,88.33,0.83,99.06,COMMERCIAL,0.96,True,LOCAL_DENSE
BNG-EAS-NODE-02,Bengaluru East (Whitefield) Zone 2,2005,12.965877018719672,77.78192196344418,10.0,1623.18,-37.36,0.46,59.56,COMMERCIAL,0.97,True,LOCAL_DENSE
BNG-EAS-NODE-02,Bengaluru East (Whitefield) Zone 2,2006,12.966151775956424,77.78207233371775,8.6,1576.78,-14.0,0.35,50.48,COMMERCIAL,0.91,True,LOCAL_DENSE
BNG-EAS-NODE-02,Bengaluru East (Whitefield) Zone 2,2007,12.966721961105149,77.78264704757352,9.03,1591.83,4.95,0.38,53.23,COMMERCIAL,0.96,True,LOCAL_DENSE
BNG-EAS-NODE-02,Bengaluru East (Whitefield) Zone 2,2008,12.966718606079153,77.78320081794467,8.97,1590.12,-0.57,0.38,52.9,COMMERCIAL,0.96,True,LOCAL_DENSE
BNG-EAS-NODE-02,Bengaluru East (Whitefield) Zone 2,2009,12.966651046656672,77.78160702728772,10.33,1634.29,15.09,0.48,61.72,COMMERCIAL,0.96,True,LOCAL_DENSE
BNG-EAS-NODE-02,Bengaluru East (Whitefield) Zone 2,2010,12.96724522013289,77.78220211613643,11.18,1659.52,8.22,0.54,67.31,COMMERCIAL,0.9,True,LOCAL_DENSE
BNG-EAS-NODE-02,Bengaluru East (Whitefield) Zone 2,2011,12.966853400873628,77.78195928792417,10.75,1647.19,-3.85,0.51,64.47,COMMERCIAL,0.91,True,LOCAL_DENSE
BNG-EAS-NODE-02,Bengaluru East (Whitefield) Zone 2,2012,12.966241807634937,77.78177456327231,11.65,1673.24,8.41,0.56,70.45,COMMERCIAL,0.98,True,LOCAL_DENSE
BNG-EAS-NODE-02,Bengaluru East (Whitefield) Zone 2,2013,12.966881089838017,77.78313223950758,9.29,1601.32,-20.22,0.4,54.98,COMMERCIAL,0.92,True,LOCAL_DENSE
BNG-EAS-NODE-02,Bengaluru East (Whitefield) Zone 2,2014,12.966787953951966,77.78265917852612,10.33,1634.93,11.15,0.48,61.75,COMMERCIAL,0.95,True,LOCAL_DENSE
BNG-EAS-NODE-02,Bengaluru East (Whitefield) Zone 2,2015,12.966859636673902,77.78211238003382,22.85,1900.69,121.17,1.0,147.3,COMMERCIAL,0.93,True,LOCAL_DENSE
BNG-EAS-NODE-02,Bengaluru East (Whitefield) Zone 2,2016,12.965542267337751,77.7824917182083,9.35,1603.38,-59.07,0.41,55.36,COMMERCIAL,0.92,True,LOCAL_DENSE
BNG-EAS-NODE-02,Bengaluru East (Whitefield) Zone 2,2017,12.966163673165045,77.78154114679015,11.68,1674.75,24.86,0.56,70.65,COMMERCIAL,0.98,True,LOCAL_DENSE
BNG-EAS-NODE-02,Bengaluru East (Whitefield) Zone 2,2018,12.967147066155146,77.78162722127064,13.66,1726.6,17.0,0.68,83.93,COMMERCIAL,0.91,True,LOCAL_DENSE
BNG-EAS-NODE-02,Bengaluru East (Whitefield) Zone 2,2019,12.96577739723373,77.78321749974926,10.82,1650.09,-20.82,0.51,64.97,COMMERCIAL,0.97,True,LOCAL_DENSE
BNG-EAS-NODE-02,Bengaluru East (Whitefield) Zone 2,2020,12.966835844385802,77.78132637338388,16.07,1781.75,48.53,0.79,100.29,COMMERCIAL,0.92,True,LOCAL_DENSE
BNG-EAS-NODE-02,Bengaluru East (Whitefield) Zone 2,2021,12.966941782760976,77.78143044713515,28.3,1983.17,76.1,1.0,186.36,COMMERCIAL,0.96,True,LOCAL_DENSE
BNG-EAS-NODE-02,Bengaluru East (Whitefield) Zone 2,2022,12.966633500054753,77.78280154751336,14.47,1746.59,-48.86,0.72,89.42,COMMERCIAL,0.96,True,LOCAL_DENSE
BNG-EAS-NODE-02,Bengaluru East (Whitefield) Zone 2,2023,12.965613302058069,77.78276418708171,15.16,1762.48,4.75,0.75,94.09,COMMERCIAL,0.99,True,LOCAL_DENSE
BNG-EAS-NODE-03,Bengaluru East (Whitefield) Zone 3,2000,13.00136768924086,77.71146041138482,14.09,710.24,0.0,0.38,7.67,RESIDENTIAL,0.94,True,LOCAL_DENSE
BNG-EAS-NODE-03,Bengaluru East (Whitefield) Zone 3,2001,12.999775612784575,77.71132478986591,14.4,713.31,2.21,0.39,7.86,RESIDENTIAL,0.93,True,LOCAL_DENSE
BNG-EAS-NODE-03,Bengaluru East (Whitefield) Zone 3,2002,13.001367340830233,77.7120174109221,15.68,725.11,8.88,0.46,8.62,RESIDENTIAL,0.98,True,LOCAL_DENSE
BNG-EAS-NODE-03,Bengaluru East (Whitefield) Zone 3,2003,13.001122263904186,77.71314427151474,16.26,730.29,3.69,0.48,8.97,RESIDENTIAL,0.98,True,LOCAL_DENSE
BNG-EAS-NODE-03,Bengaluru East (Whitefield) Zone 3,2004,13.001215309794867,77.71276047129533,17.51,740.81,7.73,0.54,9.74,RESIDENTIAL,0.95,True,LOCAL_DENSE
BNG-EAS-NODE-03,Bengaluru East (Whitefield) Zone 3,2005,12.99984347059153,77.71174846341854,18.11,745.76,3.44,0.56,10.11,RESIDENTIAL,0.9,True,LOCAL_DENSE
BNG-EAS-NODE-03,Bengaluru East (Whitefield) Zone 3,2006,13.000819128413529,77.71322288596296,22.04,773.76,21.68,0.7,12.53,RESIDENTIAL,0.96,True,LOCAL_DENSE
BNG-EAS-NODE-03,Bengaluru East (Whitefield) Zone 3,2007,13.00119355935032,77.71133949529514,20.39,763.03,-7.48,0.64,11.51,RESIDENTIAL,0.92,True,LOCAL_DENSE
BNG-EAS-NODE-03,Bengaluru East (Whitefield) Zone 3,2008,13.000578685326053,77.7118669336276,17.2,738.73,-15.66,0.52,9.55,RESIDENTIAL,0.99,True,LOCAL_DENSE
BNG-EAS-NODE-03,Bengaluru East (Whitefield) Zone 3,2009,13.000464800581016,77.71142420243673,19.34,755.72,12.45,0.6,10.86,RESIDENTIAL,0.99,True,LOCAL_DENSE
BNG-EAS-NODE-03,Bengaluru East (Whitefield) Zone 3,2010,13.000116496414599,77.71259058245094,20.27,762.64,4.79,0.64,11.44,RESIDENTIAL,0.95,True,LOCAL_DENSE
BNG-EAS-NODE-03,Bengaluru East (Whitefield) Zone 3,2011,13.000720216113137,77.71192721147605,23.72,785.95,17.03,0.75,13.59,RESIDENTIAL,0.93,True,LOCAL_DENSE
BNG-EAS-NODE-03,Bengaluru East (Whitefield) Zone 3,2012,13.000188177913909,77.71252888746157,25.95,799.61,9.4,0.82,14.99,RESIDENTIAL,0.95,True,LOCAL_DENSE
BNG-EAS-NODE-03,Bengaluru East (Whitefield) Zone 3,2013,13.001362987680098,77.71234863953529,17.03,737.43,-34.39,0.51,9.45,RESIDENTIAL,0.97,True,LOCAL_DENSE
BNG-EAS-NODE-03,Bengaluru East (Whitefield) Zone 3,2014,13.000725422574343,77.71234823944397,19.55,757.63,14.8,0.61,10.99,RESIDENTIAL,0.98,True,LOCAL_DENSE
BNG-EAS-NODE-03,Bengaluru East (Whitefield) Zone 3,2015,13.000430470105643,77.71149238141228,22.6,779.26,15.6,0.71,12.89,RESIDENTIAL,0.97,True,LOCAL_DENSE
BNG-EAS-NODE-03,Bengaluru East (Whitefield) Zone 3,2016,13.000191200045572,77.71303679207497,38.29,861.2,69.47,1.0,22.97,RESIDENTIAL,0.93,True,LOCAL_DENSE
BNG-EAS-NODE-03,Bengaluru East (Whitefield) Zone 3,2017,13.00135636953284,77.71129088123779,45.47,889.42,18.74,1.0,27.71,RESIDENTIAL,0.97,True,LOCAL_DENSE
BNG-EAS-NODE-03,Bengaluru East (Whitefield) Zone 3,2018,13.001288129628001,77.7116580209496,32.14,833.92,-29.31,0.97,18.97,RESIDENTIAL,0.91,True,LOCAL_DENSE
BNG-EAS-NODE-03,Bengaluru East (Whitefield) Zone 3,2019,12.999802671647956,77.71283917932058,35.33,849.16,9.91,1.0,21.03,RESIDENTIAL,0.93,True,LOCAL_DENSE
BNG-EAS-NODE-03,Bengaluru East (Whitefield) Zone 3,2020,13.000777486214597,77.7129715633437,17.59,742.24,-50.22,0.53,9.79,RESIDENTIAL,0.96,True,LOCAL_DENSE
BNG-EAS-NODE-03,Bengaluru East (Whitefield) Zone 3,2021,13.001268457817359,77.71303597939145,60.67,939.97,245.0,1.0,38.02,RESIDENTIAL,0.96,True,LOCAL_DENSE
BNG-EAS-NODE-03,Bengaluru East (Whitefield) Zone 3,2022,12.999582255432134,77.71189838913608,22.6,779.74,-62.75,0.71,12.89,RESIDENTIAL,0.97,True,LOCAL_DENSE
BNG-EAS-NODE-03,Bengaluru East (Whitefield) Zone 3,2023,13.00090246854667,77.71217190061576,46.61,895.7,106.2,1.0,28.5,RESIDENTIAL,0.96,True,LOCAL_DENSE
BNG-EAS-NODE-04,Bengaluru East (Whitefield) Zone 4,2000,12.986152573416739,77.71346866397792,6.09,1493.95,0.0,0.44,49.85,COMMERCIAL,0.91,True,LOCAL_DENSE
BNG-EAS-NODE-04,Bengaluru East (Whitefield) Zone 4,2001,12.986973154380848,77.71239726289431,6.3,1504.16,3.54,0.46,51.79,COMMERCIAL,0.9,True,LOCAL_DENSE
BNG-EAS-NODE-04,Bengaluru East (Whitefield) Zone 4,2002,12.986209216638116,77.7140459106927,6.48,1512.33,2.79,0.48,53.38,COMMERCIAL,0.99,True,LOCAL_DENSE
BNG-EAS-NODE-04,Bengaluru East (Whitefield) Zone 4,2003,12.987005032728812,77.71318372872454,7.09,1538.96,9.5,0.55,58.96,COMMERCIAL,0.96,True,LOCAL_DENSE
BNG-EAS-NODE-04,Bengaluru East (Whitefield) Zone 4,2004,12.986824499916628,77.71373569557105,6.38,1507.81,-10.1,0.47,52.47,COMMERCIAL,0.97,True,LOCAL_DENSE
BNG-EAS-NODE-04,Bengaluru East (Whitefield) Zone 4,2005,12.986782660488778,77.71260347274564,6.77,1525.75,6.2,0.52,56.05,COMMERCIAL,0.9,True,LOCAL_DENSE
BNG-EAS-NODE-04,Bengaluru East (Whitefield) Zone 4,2006,12.985757238890608,77.71221553991431,7.61,1560.57,12.34,0.6,63.68,COMMERCIAL,0.93,True,LOCAL_DENSE
BNG-EAS-NODE-04,Bengaluru East (Whitefield) Zone 4,2007,12.987128445897337,77.71272289384176,9.7,1634.11,27.56,0.78,83.14,COMMERCIAL,0.94,True,LOCAL_DENSE
BNG-EAS-NODE-04,Bengaluru East (Whitefield) Zone 4,2008,12.987504224203061,77.71406167591044,9.17,1617.46,-5.54,0.73,78.13,COMMERCIAL,0.96,True,LOCAL_DENSE
BNG-EAS-NODE-04,Bengaluru East (Whitefield) Zone 4,2009,12.987467444925423,77.71360280259387,19.53,1854.35,113.09,1.0,178.35,COMMERCIAL,0.95,True,LOCAL_DENSE
BNG-EAS-NODE-04,Bengaluru East (Whitefield) Zone 4,2010,12.98752104860813,77.71225896568811,8.63,1599.78,-55.81,0.69,73.17,COMMERCIAL,0.93,True,LOCAL_DENSE
BNG-EAS-NODE-04,Bengaluru East (Whitefield) Zone 4,2011,12.987157037264197,77.71362792694153,11.14,1679.35,29.04,0.87,96.74,COMMERCIAL,0.97,True,LOCAL_DENSE
BNG-EAS-NODE-04,Bengaluru East (Whitefield) Zone 4,2012,12.986004367345855,77.71237140585062,69.15,2301.43,520.79,1.0,704.31,SUBURBAN,0.95,True,LOCAL_DENSE
BNG-EAS-NODE-04,Bengaluru East (Whitefield) Zone 4,2013,12.987168477487266,77.71231167707596,35.51,2069.22,-48.65,1.0,342.63,SUBURBAN,0.99,True,LOCAL_DENSE
BNG-EAS-NODE-04,Bengaluru East (Whitefield) Zone 4,2014,12.98656267726543,77.71223422739841,9.11,1617.23,-74.34,0.73,77.64,COMMERCIAL,0.94,True,LOCAL_DENSE
BNG-EAS-NODE-04,Bengaluru East (Whitefield) Zone 4,2015,12.986574145380901,77.71324487340277,7.46,1555.33,-18.16,0.58,62.31,COMMERCIAL,0.94,True,LOCAL_DENSE
BNG-EAS-NODE-04,Bengaluru East (Whitefield) Zone 4,2016,12.985653920909062,77.71380185097276,8.44,1593.43,13.12,0.67,71.35,COMMERCIAL,0.96,True,LOCAL_DENSE
BNG-EAS-NODE-04,Bengaluru East (Whitefield) Zone 4,2017,12.986607509281376,77.71208914000503,13.21,1737.24,56.65,0.99,116.72,COMMERCIAL,0.91,True,LOCAL_DENSE
BNG-EAS-NODE-04,Bengaluru East (Whitefield) Zone 4,2018,12.98676971781789,77.71273808720646,31.75,2042.87,140.3,1.0,304.31,SUBURBAN,0.99,True,LOCAL_DENSE
BNG-EAS-NODE-04,Bengaluru East (Whitefield) Zone 4,2019,12.986052407985738,77.71233250659446,9.57,1633.39,-69.86,0.76,81.96,COMMERCIAL,0.93,True,LOCAL_DENSE
BNG-EAS-NODE-04,Bengaluru East (Whitefield) Zone 4,2020,12.986774396873223,77.7120909885191,7.44,1554.62,-22.3,0.58,62.13,COMMERCIAL,0.99,True,LOCAL_DENSE
BNG-EAS-NODE-04,Bengaluru East (Whitefield) Zone 4,2021,12.985953642160354,77.71319582972524,25.62,1968.75,244.46,1.0,240.94,COMMERCIAL,0.92,True,LOCAL_DENSE
BNG-EAS-NODE-04,Bengaluru East (Whitefield) Zone 4,2022,12.986114659282656,77.71246573601903,7.65,1563.25,-70.15,0.6,64.06,COMMERCIAL,0.91,True,LOCAL_DENSE
BNG-EAS-NODE-04,Bengaluru East (Whitefield) Zone 4,2023,12.987449400517635,77.7128013996102,20.87,1896.78,172.97,1.0,192.68,COMMERCIAL,0.98,True,LOCAL_DENSE
BNG-EAS-NODE-05,Bengaluru East (Whitefield) Zone 5,2000,12.942063258138662,77.78148227055068,3.75,4982.73,0.0,0.36,10.38,URBAN,0.9,True,LOCAL_DENSE
BNG-EAS-NODE-05,Bengaluru East (Whitefield) Zone 5,2001,12.942589148157648,77.7803645256954,3.97,5037.48,5.81,0.4,11.04,URBAN,0.94,True,LOCAL_DENSE
BNG-EAS-NODE-05,Bengaluru East (Whitefield) Zone 5,2002,12.942526809897291,77.78100084079858,4.33,5123.16,9.26,0.46,12.17,URBAN,0.93,True,LOCAL_DENSE
BNG-EAS-NODE-05,Bengaluru East (Whitefield) Zone 5,2003,12.943029927111892,77.78200953076227,4.46,5152.27,2.85,0.48,12.55,URBAN,0.94,True,LOCAL_DENSE
BNG-EAS-NODE-05,Bengaluru East (Whitefield) Zone 5,2004,12.941591282947554,77.78031492870838,4.83,5231.25,8.28,0.54,13.69,URBAN,0.91,True,LOCAL_DENSE
BNG-EAS-NODE-05,Bengaluru East (Whitefield) Zone 5,2005,12.942980540601894,77.78059679381869,5.51,5362.7,14.1,0.64,15.82,URBAN,0.94,True,LOCAL_DENSE
BNG-EAS-NODE-05,Bengaluru East (Whitefield) Zone 5,2006,12.941678676959427,77.78033237763759,5.01,5271.85,-9.0,0.57,14.27,URBAN,0.92,True,LOCAL_DENSE
BNG-EAS-NODE-05,Bengaluru East (Whitefield) Zone 5,2007,12.943204766436754,77.78069687981139,4.41,5144.83,-12.01,0.47,12.41,URBAN,0.95,True,LOCAL_DENSE
BNG-EAS-NODE-05,Bengaluru East (Whitefield) Zone 5,2008,12.941953278337927,77.78044197707612,4.63,5194.47,5.03,0.51,13.09,URBAN,0.91,True,LOCAL_DENSE
BNG-EAS-NODE-05,Bengaluru East (Whitefield) Zone 5,2009,12.94289828354439,77.78026817010685,5.63,5393.66,21.61,0.65,16.23,URBAN,0.94,True,LOCAL_DENSE
BNG-EAS-NODE-05,Bengaluru East (Whitefield) Zone 5,2010,12.942750222677356,77.78035892411401,8.06,5768.11,43.15,0.91,24.03,URBAN,0.93,True,LOCAL_DENSE
BNG-EAS-NODE-05,Bengaluru East (Whitefield) Zone 5,2011,12.942447996369033,77.78162141575798,6.05,5469.19,-25.01,0.7,17.54,URBAN,0.95,True,LOCAL_DENSE
BNG-EAS-NODE-05,Bengaluru East (Whitefield) Zone 5,2012,12.942297245235142,77.78040568378509,6.61,5563.07,9.26,0.76,19.33,URBAN,0.97,True,LOCAL_DENSE
BNG-EAS-NODE-05,Bengaluru East (Whitefield) Zone 5,2013,12.941711828496587,77.78125890502545,5.7,5409.56,-13.73,0.65,16.44,URBAN,0.91,True,LOCAL_DENSE
BNG-EAS-NODE-05,Bengaluru East (Whitefield) Zone 5,2014,12.942477888310407,77.7814907929827,5.27,5329.17,-7.5,0.6,15.1,URBAN,0.9,True,LOCAL_DENSE
BNG-EAS-NODE-05,Bengaluru East (Whitefield) Zone 5,2015,12.943139797930662,77.7820408230737,10.45,6067.04,98.22,1.0,31.94,URBAN,0.94,True,LOCAL_DENSE
BNG-EAS-NODE-05,Bengaluru East (Whitefield) Zone 5,2016,12.94200414598434,77.78120980819926,11.93,6220.19,14.17,1.0,36.93,URBAN,0.93,True,LOCAL_DENSE
BNG-EAS-NODE-05,Bengaluru East (Whitefield) Zone 5,2017,12.942269068586542,77.78105333783405,5.5,5375.16,-53.86,0.63,15.83,URBAN,0.94,True,LOCAL_DENSE
BNG-EAS-NODE-05,Bengaluru East (Whitefield) Zone 5,2018,12.941552502878658,77.78208308011313,9.49,5965.76,72.31,1.0,28.75,URBAN,0.97,True,LOCAL_DENSE
BNG-EAS-NODE-05,Bengaluru East (Whitefield) Zone 5,2019,12.942279177786647,77.78176479114987,8.91,5897.19,-6.08,0.98,26.84,URBAN,0.97,True,LOCAL_DENSE
BNG-EAS-NODE-05,Bengaluru East (Whitefield) Zone 5,2020,12.942415425717588,77.78124654690073,11.87,6226.3,33.27,1.0,36.76,URBAN,0.95,True,LOCAL_DENSE
BNG-EAS-NODE-05,Bengaluru East (Whitefield) Zone 5,2021,12.94289201835775,77.78053051162598,8.18,5804.97,-31.07,0.91,24.46,URBAN,0.9,True,LOCAL_DENSE
BNG-EAS-NODE-05,Bengaluru East (Whitefield) Zone 5,2022,12.94188861186113,77.78036735361279,8.04,5786.72,-1.71,0.9,24.01,URBAN,0.91,True,LOCAL_DENSE
BNG-EAS-NODE-05,Bengaluru East (Whitefield) Zone 5,2023,12.942437762222372,77.78110337986259,6.03,5472.74,-25.08,0.69,17.49,URBAN,0.9,True,LOCAL_DENSE
BNG-EAS-NODE-06,Bengaluru East (Whitefield) Zone 6,2000,12.991111417252684,77.7765777767732,9.69,283.05,0.0,0.45,21.33,INDUSTRIAL,0.97,True,LOCAL_DENSE
BNG-EAS-NODE-06,Bengaluru East (Whitefield) Zone 6,2001,12.99078906258604,77.7768359460357,10.39,286.85,7.2,0.5,23.02,INDUSTRIAL,0.94,True,LOCAL_DENSE
BNG-EAS-NODE-06,Bengaluru East (Whitefield) Zone 6,2002,12.990399626236506,77.77804643606463,11.18,290.89,7.58,0.55,24.94,INDUSTRIAL,0.9,True,LOCAL_DENSE
BNG-EAS-NODE-06,Bengaluru East (Whitefield) Zone 6,2003,12.99008879617743,77.7778682169961,10.31,286.53,-7.74,0.49,22.83,INDUSTRIAL,0.95,True,LOCAL_DENSE
BNG-EAS-NODE-06,Bengaluru East (Whitefield) Zone 6,2004,12.98966281023233,77.7772192103129,11.86,294.37,15.04,0.59,26.62,INDUSTRIAL,0.96,True,LOCAL_DENSE
BNG-EAS-NODE-06,Bengaluru East (Whitefield) Zone 6,2005,12.990543695198891,77.7764068910556,11.49,292.65,-3.13,0.57,25.71,INDUSTRIAL,0.99,True,LOCAL_DENSE
BNG-EAS-NODE-06,Bengaluru East (Whitefield) Zone 6,2006,12.9911812076091,77.77697941694058,14.43,305.55,25.55,0.74,32.99,INDUSTRIAL,0.92,True,LOCAL_DENSE
BNG-EAS-NODE-06,Bengaluru East (Whitefield) Zone 6,2007,12.99075639862522,77.777206917878,12.82,298.93,-11.16,0.65,28.99,INDUSTRIAL,0.96,True,LOCAL_DENSE
BNG-EAS-NODE-06,Bengaluru East (Whitefield) Zone 6,2008,12.98964770230892,77.77783982514903,15.65,310.47,22.1,0.79,36.08,INDUSTRIAL,0.91,True,LOCAL_DENSE
BNG-EAS-NODE-06,Bengaluru East (Whitefield) Zone 6,2009,12.990880664142438,77.77748877581533,12.39,297.06,-20.83,0.62,27.93,INDUSTRIAL,0.91,True,LOCAL_DENSE
BNG-EAS-NODE-06,Bengaluru East (Whitefield) Zone 6,2010,12.989686431004158,77.77710566723131,16.54,313.94,33.52,0.83,38.35,INDUSTRIAL,0.93,True,LOCAL_DENSE
BNG-EAS-NODE-06,Bengaluru East (Whitefield) Zone 6,2011,12.990168989135379,77.77757766816,21.53,329.8,30.12,1.0,51.15,INDUSTRIAL,0.98,True,LOCAL_DENSE
BNG-EAS-NODE-06,Bengaluru East (Whitefield) Zone 6,2012,12.989551903488834,77.77737331902479,16.39,313.55,-23.87,0.82,37.96,INDUSTRIAL,0.9,True,LOCAL_DENSE
BNG-EAS-NODE-06,Bengaluru East (Whitefield) Zone 6,2013,12.990861550432573,77.77698660562233,14.51,306.37,-11.48,0.73,33.22,INDUSTRIAL,0.91,True,LOCAL_DENSE
BNG-EAS-NODE-06,Bengaluru East (Whitefield) Zone 6,2014,12.98982670480453,77.77651274539157,18.05,319.47,24.39,0.89,42.19,INDUSTRIAL,0.91,True,LOCAL_DENSE
BNG-EAS-NODE-06,Bengaluru East (Whitefield) Zone 6,2015,12.989668663859382,77.77646882522468,73.83,411.85,309.09,1.0,196.19,INDUSTRIAL,0.9,True,LOCAL_DENSE
BNG-EAS-NODE-06,Bengaluru East (Whitefield) Zone 6,2016,12.990156793969161,77.7772815041248,61.74,400.03,-16.37,1.0,161.66,INDUSTRIAL,0.95,True,LOCAL_DENSE
BNG-EAS-NODE-06,Bengaluru East (Whitefield) Zone 6,2017,12.990291598229469,77.77793456701049,20.29,326.86,-67.14,0.98,47.98,INDUSTRIAL,0.98,True,LOCAL_DENSE
BNG-EAS-NODE-06,Bengaluru East (Whitefield) Zone 6,2018,12.990712517162924,77.77721114909497,19.97,325.96,-1.55,0.96,47.17,INDUSTRIAL,0.91,True,LOCAL_DENSE
BNG-EAS-NODE-06,Bengaluru East (Whitefield) Zone 6,2019,12.990016429652263,77.77811348517598,20.02,326.16,0.22,0.96,47.28,INDUSTRIAL,0.98,True,LOCAL_DENSE
BNG-EAS-NODE-06,Bengaluru East (Whitefield) Zone 6,2020,12.990593185217095,77.77788510213358,15.41,310.16,-23.0,0.78,35.5,INDUSTRIAL,0.93,True,LOCAL_DENSE
BNG-EAS-NODE-06,Bengaluru East (Whitefield) Zone 6,2021,12.99076374897332,77.77689196661204,48.34,384.8,213.61,1.0,124.09,INDUSTRIAL,0.98,True,LOCAL_DENSE
BNG-EAS-NODE-06,Bengaluru East (Whitefield) Zone 6,2022,12.990158404745634,77.77758272353748,12.8,299.09,-73.53,0.64,28.95,INDUSTRIAL,0.95,True,LOCAL_DENSE
BNG-EAS-NODE-06,Bengaluru East (Whitefield) Zone 6,2023,12.99054470556057,77.77788019650542,37.97,368.43,196.73,1.0,95.37,INDUSTRIAL,0.97,True,LOCAL_DENSE
BNG-EAS-NODE-07,Bengaluru East (Whitefield) Zone 7,2000,12.949387769592589,77.75464111998457,13.3,321.15,0.0,0.33,41.11,RURAL,0.97,True,LOCAL_DENSE
BNG-EAS-NODE-07,Bengaluru East (Whitefield) Zone 7,2001,12.948063979963049,77.75460297228557,13.6,322.55,2.23,0.35,42.12,RURAL,0.99,True,LOCAL_DENSE
BNG-EAS-NODE-07,Bengaluru East (Whitefield) Zone 7,2002,12.949413633577349,77.75474878048166,14.01,324.43,2.99,0.37,43.51,RURAL,0.95,True,LOCAL_DENSE
BNG-EAS-NODE-07,Bengaluru East (Whitefield) Zone 7,2003,12.948706179670852,77.75468769105989,13.97,324.29,-0.25,0.37,43.39,RURAL,0.92,True,LOCAL_DENSE
BNG-EAS-NODE-07,Bengaluru East (Whitefield) Zone 7,2004,12.948249908052262,77.75483674897667,15.13,329.38,8.32,0.43,47.37,RURAL,0.92,True,LOCAL_DENSE
BNG-EAS-NODE-07,Bengaluru East (Whitefield) Zone 7,2005,12.948295729282783,77.75622134637754,32.11,376.5,112.15,1.0,107.5,RURAL,0.91,True,LOCAL_DENSE
BNG-EAS-NODE-07,Bengaluru East (Whitefield) Zone 7,2006,12.948338519024137,77.75646780250295,17.06,337.13,-46.86,0.51,54.03,RURAL,0.93,True,LOCAL_DENSE
BNG-EAS-NODE-07,Bengaluru East (Whitefield) Zone 7,2007,12.949465395145795,77.7556154760065,22.05,353.81,29.24,0.7,71.54,RURAL,0.94,True,LOCAL_DENSE
BNG-EAS-NODE-07,Bengaluru East (Whitefield) Zone 7,2008,12.94901496252884,77.75545343774743,24.62,361.24,11.65,0.78,80.72,RURAL,0.91,True,LOCAL_DENSE
BNG-EAS-NODE-07,Bengaluru East (Whitefield) Zone 7,2009,12.948425319039798,77.75579380183224,23.33,357.86,-5.26,0.74,76.11,RURAL,0.91,True,LOCAL_DENSE
BNG-EAS-NODE-07,Bengaluru East (Whitefield) Zone 7,2010,12.949216314960184,77.75588573600102,21.98,354.03,-5.77,0.69,71.32,RURAL,0.94,True,LOCAL_DENSE
BNG-EAS-NODE-07,Bengaluru East (Whitefield) Zone 7,2011,12.949813214301615,77.75462318689203,17.12,337.52,-22.12,0.51,54.23,RURAL,0.91,True,LOCAL_DENSE
BNG-EAS-NODE-07,Bengaluru East (Whitefield) Zone 7,2012,12.949066494699135,77.75511536962432,60.36,425.29,252.64,1.0,214.83,RESIDENTIAL,0.96,True,LOCAL_DENSE
BNG-EAS-NODE-07,Bengaluru East (Whitefield) Zone 7,2013,12.948045567396013,77.75610438964041,24.84,362.6,-58.84,0.78,81.59,RURAL,0.97,True,LOCAL_DENSE
BNG-EAS-NODE-07,Bengaluru East (Whitefield) Zone 7,2014,12.948040787916002,77.75535254525754,35.22,387.13,41.77,1.0,119.53,RURAL,0.94,True,LOCAL_DENSE
BNG-EAS-NODE-07,Bengaluru East (Whitefield) Zone 7,2015,12.94924676030035,77.75476740938991,25.29,364.0,-28.19,0.79,83.21,RURAL,0.96,True,LOCAL_DENSE
BNG-EAS-NODE-07,Bengaluru East (Whitefield) Zone 7,2016,12.949601211937784,77.75461048482558,41.0,398.55,62.13,1.0,141.21,RURAL,0.98,True,LOCAL_DENSE
BNG-EAS-NODE-07,Bengaluru East (Whitefield) Zone 7,2017,12.948092510592815,77.75633614236038,25.55,364.84,-37.69,0.8,84.16,RURAL,0.96,True,LOCAL_DENSE
BNG-EAS-NODE-07,Bengaluru East (Whitefield) Zone 7,2018,12.948682826780304,77.75538404213304,39.54,396.27,54.78,1.0,135.78,RURAL,0.96,True,LOCAL_DENSE
BNG-EAS-NODE-07,Bengaluru East (Whitefield) Zone 7,2019,12.948213678859945,77.75586598960568,39.75,396.81,0.53,1.0,136.58,RURAL,0.99,True,LOCAL_DENSE
BNG-EAS-NODE-07,Bengaluru East (Whitefield) Zone 7,2020,12.949450697766457,77.75491298933225,297.25,566.37,647.79,1.0,1222.32,RESIDENTIAL,0.98,True,LOCAL_DENSE
BNG-EAS-NODE-07,Bengaluru East (Whitefield) Zone 7,2021,12.949191156666013,77.75552928489363,134.68,495.6,-54.69,1.0,517.6,RESIDENTIAL,0.9,True,LOCAL_DENSE
BNG-EAS-NODE-07,Bengaluru East (Whitefield) Zone 7,2022,12.949069123481816,77.7550709920857,22.14,355.11,-83.56,0.7,71.96,RURAL,0.96,True,LOCAL_DENSE
BNG-EAS-NODE-07,Bengaluru East (Whitefield) Zone 7,2023,12.948525263085543,77.75489807993443,44.83,406.41,102.44,1.0,155.88,RESIDENTIAL,0.99,True,LOCAL_DENSE
BNG-EAS-NODE-08,Bengaluru East (Whitefield) Zone 8,2000,13.002299833096435,77.77294229506924,9.1,694.59,0.0,0.31,17.04,RESIDENTIAL,0.97,True,LOCAL_DENSE
BNG-EAS-NODE-08,Bengaluru East (Whitefield) Zone 8,2001,13.001798982115647,77.7734149652565,9.69,702.92,6.38,0.36,18.24,RESIDENTIAL,0.96,True,LOCAL_DENSE
BNG-EAS-NODE-08,Bengaluru East (Whitefield) Zone 8,2002,13.001793067122987,77.77215522374202,9.55,701.2,-1.37,0.35,17.97,RESIDENTIAL,0.98,True,LOCAL_DENSE
BNG-EAS-NODE-08,Bengaluru East (Whitefield) Zone 8,2003,13.002042507988381,77.7737302784346,10.65,715.98,11.45,0.43,20.23,RESIDENTIAL,0.95,True,LOCAL_DENSE
BNG-EAS-NODE-08,Bengaluru East (Whitefield) Zone 8,2004,13.002058249440417,77.77215616102646,18.58,789.88,74.5,0.86,37.11,RESIDENTIAL,0.96,True,LOCAL_DENSE
BNG-EAS-NODE-08,Bengaluru East (Whitefield) Zone 8,2005,13.001255850197564,77.77227056108947,11.25,723.89,-39.43,0.47,21.51,RESIDENTIAL,0.99,True,LOCAL_DENSE
BNG-EAS-NODE-08,Bengaluru East (Whitefield) Zone 8,2006,13.00246361487281,77.77242022882027,10.16,709.88,-9.68,0.39,19.23,RESIDENTIAL,0.96,True,LOCAL_DENSE
BNG-EAS-NODE-08,Bengaluru East (Whitefield) Zone 8,2007,13.002464559867203,77.77311155761754,12.86,742.77,26.53,0.56,24.9,RESIDENTIAL,0.9,True,LOCAL_DENSE
BNG-EAS-NODE-08,Bengaluru East (Whitefield) Zone 8,2008,13.002089299003378,77.7721709433334,10.52,714.71,-18.21,0.42,19.97,RESIDENTIAL,0.98,True,LOCAL_DENSE
BNG-EAS-NODE-08,Bengaluru East (Whitefield) Zone 8,2009,13.002132929025333,77.77403959159186,11.26,724.35,7.08,0.46,21.53,RESIDENTIAL,0.9,True,LOCAL_DENSE
BNG-EAS-NODE-08,Bengaluru East (Whitefield) Zone 8,2010,13.001954892808902,77.77299961990252,11.36,725.64,0.89,0.47,21.74,RESIDENTIAL,0.95,True,LOCAL_DENSE
BNG-EAS-NODE-08,Bengaluru East (Whitefield) Zone 8,2011,13.002142925169887,77.77259762475767,20.95,814.55,84.33,0.92,42.47,RESIDENTIAL,0.94,True,LOCAL_DENSE
BNG-EAS-NODE-08,Bengaluru East (Whitefield) Zone 8,2012,13.001046172741631,77.7729710930296,11.11,722.57,-46.93,0.45,21.22,RESIDENTIAL,0.97,True,LOCAL_DENSE
BNG-EAS-NODE-08,Bengaluru East (Whitefield) Zone 8,2013,13.00095255133303,77.77284822000428,22.21,824.33,99.84,0.96,45.31,RESIDENTIAL,0.91,True,LOCAL_DENSE
BNG-EAS-NODE-08,Bengaluru East (Whitefield) Zone 8,2014,13.002371383456147,77.77258912925662,12.02,733.81,-45.87,0.51,23.13,RESIDENTIAL,0.91,True,LOCAL_DENSE
BNG-EAS-NODE-08,Bengaluru East (Whitefield) Zone 8,2015,13.000898766388545,77.77352991907907,24.61,840.96,104.73,1.0,50.71,RESIDENTIAL,0.93,True,LOCAL_DENSE
BNG-EAS-NODE-08,Bengaluru East (Whitefield) Zone 8,2016,13.00223007314705,77.77401414185991,17.23,786.71,-30.01,0.77,34.32,RESIDENTIAL,0.91,True,LOCAL_DENSE
BNG-EAS-NODE-08,Bengaluru East (Whitefield) Zone 8,2017,13.001829771341358,77.7739867725942,25.96,850.1,50.71,1.0,53.78,RESIDENTIAL,0.99,True,LOCAL_DENSE
BNG-EAS-NODE-08,Bengaluru East (Whitefield) Zone 8,2018,13.00256367341203,77.77395193372999,30.88,878.26,18.94,1.0,65.02,RESIDENTIAL,0.93,True,LOCAL_DENSE
BNG-EAS-NODE-08,Bengaluru East (Whitefield) Zone 8,2019,13.002594601022595,77.77302929177857,34.34,896.11,11.22,1.0,73.05,RESIDENTIAL,0.97,True,LOCAL_DENSE
BNG-EAS-NODE-08,Bengaluru East (Whitefield) Zone 8,2020,13.002498820958706,77.77287723201471,39.98,921.98,16.4,1.0,86.26,RESIDENTIAL,0.95,True,LOCAL_DENSE
BNG-EAS-NODE-08,Bengaluru East (Whitefield) Zone 8,2021,13.001001499941129,77.7727131245105,45.26,943.73,13.2,1.0,98.8,RESIDENTIAL,0.98,True,LOCAL_DENSE
BNG-EAS-NODE-08,Bengaluru East (Whitefield) Zone 8,2022,13.000822502151665,77.7733831228909,14.84,764.9,-67.21,0.66,29.15,RESIDENTIAL,0.92,True,LOCAL_DENSE
BNG-EAS-NODE-08,Bengaluru East (Whitefield) Zone 8,2023,13.001594711456889,77.7726278689486,49.07,959.01,230.67,1.0,108.0,RESIDENTIAL,0.97,True,LOCAL_DENSE
BNG-EAS-NODE-09,Bengaluru East (Whitefield) Zone 9,2000,12.93377259279397,77.73172935828376,5.22,3401.47,0.0,0.18,16.91,SUBURBAN,0.92,True,LOCAL_DENSE
BNG-EAS-NODE-09,Bengaluru East (Whitefield) Zone 9,2001,12.932825249801837,77.73282515241625,5.64,3451.15,7.88,0.24,18.38,SUBURBAN,0.92,True,LOCAL_DENSE
BNG-EAS-NODE-09,Bengaluru East (Whitefield) Zone 9,2002,12.932230381762809,77.73090938248737,5.68,3457.64,0.82,0.24,18.55,SUBURBAN,0.97,True,LOCAL_DENSE
BNG-EAS-NODE-09,Bengaluru East (Whitefield) Zone 9,2003,12.93244854016555,77.73265832822409,6.12,3507.43,7.71,0.3,20.12,SUBURBAN,0.92,True,LOCAL_DENSE
BNG-EAS-NODE-09,Bengaluru East (Whitefield) Zone 9,2004,12.93256129732799,77.73174801339063,6.1,3506.27,-0.3,0.29,20.06,SUBURBAN,0.98,True,LOCAL_DENSE
BNG-EAS-NODE-09,Bengaluru East (Whitefield) Zone 9,2005,12.933704441584151,77.73210140657507,6.02,3497.45,-1.37,0.28,19.76,SUBURBAN,0.93,True,LOCAL_DENSE
BNG-EAS-NODE-09,Bengaluru East (Whitefield) Zone 9,2006,12.933635149322212,77.73098313760413,7.52,3648.85,24.91,0.45,25.21,SUBURBAN,0.92,True,LOCAL_DENSE
BNG-EAS-NODE-09,Bengaluru East (Whitefield) Zone 9,2007,12.932478554681355,77.73261694112627,8.16,3706.35,8.53,0.51,27.57,SUBURBAN,0.95,True,LOCAL_DENSE
BNG-EAS-NODE-09,Bengaluru East (Whitefield) Zone 9,2008,12.93186173194451,77.73177943576866,5.93,3488.24,-27.28,0.27,19.45,SUBURBAN,0.97,True,LOCAL_DENSE
BNG-EAS-NODE-09,Bengaluru East (Whitefield) Zone 9,2009,12.93194662469299,77.73243075305885,6.38,3538.67,7.6,0.33,21.08,SUBURBAN,0.95,True,LOCAL_DENSE
BNG-EAS-NODE-09,Bengaluru East (Whitefield) Zone 9,2010,12.93239579954799,77.73098505105588,7.2,3622.2,12.76,0.41,24.05,SUBURBAN,0.99,True,LOCAL_DENSE
BNG-EAS-NODE-09,Bengaluru East (Whitefield) Zone 9,2011,12.932443564294104,77.73266689282308,10.44,3886.62,45.01,0.68,36.12,SUBURBAN,0.95,True,LOCAL_DENSE
BNG-EAS-NODE-09,Bengaluru East (Whitefield) Zone 9,2012,12.933641282115254,77.73140965831678,7.57,3658.55,-27.45,0.45,25.42,SUBURBAN,0.96,True,LOCAL_DENSE
BNG-EAS-NODE-09,Bengaluru East (Whitefield) Zone 9,2013,12.932569983746864,77.73180094298395,9.15,3794.05,20.84,0.58,31.28,SUBURBAN,0.96,True,LOCAL_DENSE
BNG-EAS-NODE-09,Bengaluru East (Whitefield) Zone 9,2014,12.933215780812876,77.73226518326594,70.42,5425.37,669.64,1.0,288.45,URBAN,0.98,True,LOCAL_DENSE
BNG-EAS-NODE-09,Bengaluru East (Whitefield) Zone 9,2015,12.932786531059635,77.73239291317952,6.22,3521.78,-91.16,0.31,20.5,SUBURBAN,0.94,True,LOCAL_DENSE
BNG-EAS-NODE-09,Bengaluru East (Whitefield) Zone 9,2016,12.932098237279341,77.731610947758,11.79,3983.52,89.47,0.77,41.32,SUBURBAN,0.99,True,LOCAL_DENSE
BNG-EAS-NODE-09,Bengaluru East (Whitefield) Zone 9,2017,12.932665689967973,77.73277436717714,9.1,3792.85,-22.8,0.58,31.12,SUBURBAN,0.91,True,LOCAL_DENSE
BNG-EAS-NODE-09,Bengaluru East (Whitefield) Zone 9,2018,12.933443462893107,77.73151576719548,9.6,3832.27,5.46,0.62,32.99,SUBURBAN,0.98,True,LOCAL_DENSE
BNG-EAS-NODE-09,Bengaluru East (Whitefield) Zone 9,2019,12.9327023263551,77.73147068470396,17.92,4312.1,86.69,1.0,65.35,URBAN,0.9,True,LOCAL_DENSE
BNG-EAS-NODE-09,Bengaluru East (Whitefield) Zone 9,2020,12.933363661415655,77.73218155091449,19.32,4374.59,7.81,1.0,70.96,URBAN,0.96,True,LOCAL_DENSE
BNG-EAS-NODE-09,Bengaluru East (Whitefield) Zone 9,2021,12.931876520934667,77.73200218732468,16.67,4257.99,-13.7,1.0,60.41,URBAN,0.96,True,LOCAL_DENSE
BNG-EAS-NODE-09,Bengaluru East (Whitefield) Zone 9,2022,12.932750776463509,77.7327173848298,9.82,3851.08,-41.08,0.63,33.84,SUBURBAN,0.97,True,LOCAL_DENSE
BNG-EAS-NODE-09,Bengaluru East (Whitefield) Zone 9,2023,12.933129826397677,77.73149212519243,21.68,4475.16,120.68,1.0,80.53,URBAN,0.91,True,LOCAL_DENSE
BNG-EAS-NODE-10,Bengaluru East (Whitefield) Zone 10,2000,13.006615125211836,77.7638422947966,12.62,1467.55,0.0,0.45,15.42,COMMERCIAL,0.96,True,LOCAL_DENSE
BNG-EAS-NODE-10,Bengaluru East (Whitefield) Zone 10,2001,13.007819634734515,77.76486688799238,12.9,1474.09,2.28,0.47,15.81,COMMERCIAL,0.94,True,LOCAL_DENSE
BNG-EAS-NODE-10,Bengaluru East (Whitefield) Zone 10,2002,13.007013622659079,77.76314686593079,13.19,1480.48,2.22,0.48,16.19,COMMERCIAL,0.98,True,LOCAL_DENSE
BNG-EAS-NODE-10,Bengaluru East (Whitefield) Zone 10,2003,13.007863482353558,77.7642774384651,15.75,1531.26,19.43,0.61,19.67,COMMERCIAL,0.97,True,LOCAL_DENSE
BNG-EAS-NODE-10,Bengaluru East (Whitefield) Zone 10,2004,13.006725914930275,77.7631514697336,13.56,1488.6,-13.93,0.5,16.69,COMMERCIAL,0.92,True,LOCAL_DENSE
BNG-EAS-NODE-10,Bengaluru East (Whitefield) Zone 10,2005,13.007496052512648,77.7633998513935,18.24,1574.94,34.57,0.72,23.11,COMMERCIAL,0.96,True,LOCAL_DENSE
BNG-EAS-NODE-10,Bengaluru East (Whitefield) Zone 10,2006,13.00655870023275,77.76472060703173,13.73,1492.31,-24.76,0.51,16.92,COMMERCIAL,0.97,True,LOCAL_DENSE
BNG-EAS-NODE-10,Bengaluru East (Whitefield) Zone 10,2007,13.00717670233646,77.76429616699001,20.22,1606.79,47.3,0.79,25.87,COMMERCIAL,0.95,True,LOCAL_DENSE
BNG-EAS-NODE-10,Bengaluru East (Whitefield) Zone 10,2008,13.007316647233187,77.76388886727335,21.44,1625.15,6.06,0.83,27.59,COMMERCIAL,0.93,True,LOCAL_DENSE
BNG-EAS-NODE-10,Bengaluru East (Whitefield) Zone 10,2009,13.008159593478513,77.76352800454583,21.75,1630.22,1.45,0.84,28.03,COMMERCIAL,0.95,True,LOCAL_DENSE
BNG-EAS-NODE-10,Bengaluru East (Whitefield) Zone 10,2010,13.008329683056019,77.76362939042481,19.87,1603.22,-8.66,0.77,25.39,COMMERCIAL,0.94,True,LOCAL_DENSE
BNG-EAS-NODE-10,Bengaluru East (Whitefield) Zone 10,2011,13.007575891206734,77.76297879467816,130.19,2217.45,555.24,1.0,196.02,SUBURBAN,0.91,True,LOCAL_DENSE
BNG-EAS-NODE-10,Bengaluru East (Whitefield) Zone 10,2012,13.00850367876105,77.76292753651686,16.66,1550.32,-87.2,0.65,20.94,COMMERCIAL,0.98,True,LOCAL_DENSE
BNG-EAS-NODE-10,Bengaluru East (Whitefield) Zone 10,2013,13.007251205972507,77.76343446382941,141.24,2264.07,747.71,1.0,214.86,SUBURBAN,0.95,True,LOCAL_DENSE
BNG-EAS-NODE-10,Bengaluru East (Whitefield) Zone 10,2014,13.008272179032328,77.76369025333203,20.19,1609.29,-85.7,0.78,25.85,COMMERCIAL,0.93,True,LOCAL_DENSE
BNG-EAS-NODE-10,Bengaluru East (Whitefield) Zone 10,2015,13.006727844457773,77.76466217193502,36.24,1796.78,79.46,1.0,49.03,COMMERCIAL,0.99,True,LOCAL_DENSE
BNG-EAS-NODE-10,Bengaluru East (Whitefield) Zone 10,2016,13.007716485930459,77.7634585030937,31.7,1753.57,-12.53,1.0,42.37,COMMERCIAL,0.98,True,LOCAL_DENSE
BNG-EAS-NODE-10,Bengaluru East (Whitefield) Zone 10,2017,13.007265401955806,77.76410838455372,30.17,1738.05,-4.8,1.0,40.15,COMMERCIAL,0.96,True,LOCAL_DENSE
BNG-EAS-NODE-10,Bengaluru East (Whitefield) Zone 10,2018,13.008082611801129,77.76369417474127,19.67,1601.8,-34.81,0.76,25.12,COMMERCIAL,0.95,True,LOCAL_DENSE
BNG-EAS-NODE-10,Bengaluru East (Whitefield) Zone 10,2019,13.008163946675694,77.76290508553099,43.44,1861.72,120.83,1.0,59.83,COMMERCIAL,0.94,True,LOCAL_DENSE
BNG-EAS-NODE-10,Bengaluru East (Whitefield) Zone 10,2020,13.00769505987725,77.76428439785946,32.79,1767.0,-24.51,1.0,44.0,COMMERCIAL,0.98,True,LOCAL_DENSE
BNG-EAS-NODE-10,Bengaluru East (Whitefield) Zone 10,2021,13.006960389372633,77.76474014388549,18.16,1577.23,-44.63,0.71,23.01,COMMERCIAL,0.99,True,LOCAL_DENSE
BNG-EAS-NODE-10,Bengaluru East (Whitefield) Zone 10,2022,13.006784860926413,77.76362429614952,101.63,2177.43,459.74,1.0,151.48,SUBURBAN,0.91,True,LOCAL_DENSE
BNG-EAS-NODE-10,Bengaluru East (Whitefield) Zone 10,2023,13.00817304385699,77.7638436193243,65.7,2013.51,-35.36,1.0,94.13,SUBURBAN,0.93,True,LOCAL_DENSE
BNG-EAS-NODE-11,Bengaluru East (Whitefield) Zone 11,2000,12.948218277391337,77.7772419206666,13.53,1458.65,0.0,0.22,23.6,INDUSTRIAL,0.92,True,LOCAL_DENSE
BNG-EAS-NODE-11,Bengaluru East (Whitefield) Zone 11,2001,12.947687676527401,77.77908805048263,14.42,1476.62,6.56,0.27,25.3,INDUSTRIAL,0.98,True,LOCAL_DENSE
BNG-EAS-NODE-11,Bengaluru East (Whitefield) Zone 11,2002,12.948335426658458,77.7776360268772,14.66,1481.73,1.69,0.28,25.77,INDUSTRIAL,0.95,True,LOCAL_DENSE
BNG-EAS-NODE-11,Bengaluru East (Whitefield) Zone 11,2003,12.947783521717687,77.77863740295447,17.02,1524.02,16.07,0.39,30.34,INDUSTRIAL,0.96,True,LOCAL_DENSE
BNG-EAS-NODE-11,Bengaluru East (Whitefield) Zone 11,2004,12.94711198463688,77.77815170586022,16.69,1519.12,-1.97,0.38,29.69,INDUSTRIAL,0.94,True,LOCAL_DENSE
BNG-EAS-NODE-11,Bengaluru East (Whitefield) Zone 11,2005,12.946615009798064,77.77751220847875,17.52,1533.61,5.01,0.41,31.33,INDUSTRIAL,0.98,True,LOCAL_DENSE
BNG-EAS-NODE-11,Bengaluru East (Whitefield) Zone 11,2006,12.946594145916487,77.7776577791612,18.64,1551.99,6.37,0.45,33.53,INDUSTRIAL,0.9,True,LOCAL_DENSE
BNG-EAS-NODE-11,Bengaluru East (Whitefield) Zone 11,2007,12.946597290872193,77.77805877358419,21.89,1599.77,17.45,0.57,39.98,INDUSTRIAL,0.9,True,LOCAL_DENSE
BNG-EAS-NODE-11,Bengaluru East (Whitefield) Zone 11,2008,12.94716171275104,77.7774136391058,18.71,1553.89,-14.53,0.46,33.67,INDUSTRIAL,0.94,True,LOCAL_DENSE
BNG-EAS-NODE-11,Bengaluru East (Whitefield) Zone 11,2009,12.947171454977365,77.77759001184772,15.19,1492.47,-18.82,0.31,26.79,INDUSTRIAL,0.92,True,LOCAL_DENSE
BNG-EAS-NODE-11,Bengaluru East (Whitefield) Zone 11,2010,12.948084520427376,77.77734760390167,27.56,1671.81,81.46,0.74,51.46,INDUSTRIAL,0.97,True,LOCAL_DENSE
BNG-EAS-NODE-11,Bengaluru East (Whitefield) Zone 11,2011,12.948011854912265,77.77876866652237,16.54,1517.7,-40.0,0.37,29.42,INDUSTRIAL,0.98,True,LOCAL_DENSE
BNG-EAS-NODE-11,Bengaluru East (Whitefield) Zone 11,2012,12.947395836979977,77.77716387411026,23.45,1623.42,41.81,0.62,43.15,INDUSTRIAL,0.96,True,LOCAL_DENSE
BNG-EAS-NODE-11,Bengaluru East (Whitefield) Zone 11,2013,12.947690656729181,77.77767152079822,16.1,1509.88,-31.34,0.35,28.57,INDUSTRIAL,0.98,True,LOCAL_DENSE
BNG-EAS-NODE-11,Bengaluru East (Whitefield) Zone 11,2014,12.94679921013913,77.77850204082726,23.32,1622.3,44.79,0.61,42.88,INDUSTRIAL,0.94,True,LOCAL_DENSE
BNG-EAS-NODE-11,Bengaluru East (Whitefield) Zone 11,2015,12.948225840544682,77.77749595451336,19.45,1566.81,-16.58,0.48,35.15,INDUSTRIAL,0.91,True,LOCAL_DENSE
BNG-EAS-NODE-11,Bengaluru East (Whitefield) Zone 11,2016,12.947239844185043,77.77761293417306,42.14,1813.69,116.68,1.0,81.98,INDUSTRIAL,0.93,True,LOCAL_DENSE
BNG-EAS-NODE-11,Bengaluru East (Whitefield) Zone 11,2017,12.946930228195303,77.77802671966175,26.14,1658.96,-37.98,0.69,48.62,INDUSTRIAL,0.97,True,LOCAL_DENSE
BNG-EAS-NODE-11,Bengaluru East (Whitefield) Zone 11,2018,12.947562796871969,77.77905399774065,23.58,1626.69,-9.8,0.62,43.42,INDUSTRIAL,0.96,True,LOCAL_DENSE
BNG-EAS-NODE-11,Bengaluru East (Whitefield) Zone 11,2019,12.947543148555829,77.77831305997101,77.27,2029.07,227.7,1.0,159.03,INDUSTRIAL,0.95,True,LOCAL_DENSE
BNG-EAS-NODE-11,Bengaluru East (Whitefield) Zone 11,2020,12.94663628331286,77.77764265523318,33.0,1735.19,-57.3,0.86,62.77,INDUSTRIAL,0.91,True,LOCAL_DENSE
BNG-EAS-NODE-11,Bengaluru East (Whitefield) Zone 11,2021,12.948340373626438,77.77798629040142,57.63,1926.48,74.66,1.0,115.54,INDUSTRIAL,0.93,True,LOCAL_DENSE
BNG-EAS-NODE-11,Bengaluru East (Whitefield) Zone 11,2022,12.947898094010885,77.77775021420942,17.52,1535.37,-69.61,0.41,31.34,INDUSTRIAL,0.91,True,LOCAL_DENSE
BNG-EAS-NODE-11,Bengaluru East (Whitefield) Zone 11,2023,12.947880119588064,77.77755157669097,20.46,1582.98,16.8,0.52,37.17,INDUSTRIAL,0.96,True,LOCAL_DENSE
BNG-EAS-NODE-12,Bengaluru East (Whitefield) Zone 12,2000,12.996181531142904,77.726661406229,3.95,1603.75,0.0,0.22,47.35,COMMERCIAL,0.99,True,LOCAL_DENSE
BNG-EAS-NODE-12,Bengaluru East (Whitefield) Zone 12,2001,12.996874986411093,77.72709546515141,4.26,1626.94,7.79,0.27,51.4,COMMERCIAL,0.93,True,LOCAL_DENSE
BNG-EAS-NODE-12,Bengaluru East (Whitefield) Zone 12,2002,12.99561726690996,77.7271576898395,4.11,1616.2,-3.53,0.25,49.42,COMMERCIAL,0.9,True,LOCAL_DENSE
BNG-EAS-NODE-12,Bengaluru East (Whitefield) Zone 12,2003,12.995424977598931,77.72692884257198,4.37,1636.11,6.48,0.29,52.95,COMMERCIAL,0.9,True,LOCAL_DENSE
BNG-EAS-NODE-12,Bengaluru East (Whitefield) Zone 12,2004,12.996701615874562,77.72749383425277,4.57,1650.47,4.58,0.32,55.62,COMMERCIAL,0.95,True,LOCAL_DENSE
BNG-EAS-NODE-12,Bengaluru East (Whitefield) Zone 12,2005,12.996622165473514,77.7274138955265,9.76,1887.46,113.46,0.91,127.05,COMMERCIAL,0.9,True,LOCAL_DENSE
BNG-EAS-NODE-12,Bengaluru East (Whitefield) Zone 12,2006,12.995151504883287,77.72632182760427,4.93,1674.66,-49.54,0.38,60.36,COMMERCIAL,0.94,True,LOCAL_DENSE
BNG-EAS-NODE-12,Bengaluru East (Whitefield) Zone 12,2007,12.996413041451323,77.72656323082076,4.5,1645.66,-8.67,0.31,54.64,COMMERCIAL,0.98,True,LOCAL_DENSE
BNG-EAS-NODE-12,Bengaluru East (Whitefield) Zone 12,2008,12.995156535185668,77.72703008363672,6.29,1754.85,39.88,0.56,78.94,COMMERCIAL,0.97,True,LOCAL_DENSE
BNG-EAS-NODE-12,Bengaluru East (Whitefield) Zone 12,2009,12.995854714593934,77.72708510704051,4.44,1641.29,-29.49,0.3,53.82,COMMERCIAL,0.94,True,LOCAL_DENSE
BNG-EAS-NODE-12,Bengaluru East (Whitefield) Zone 12,2010,12.99617137077736,77.72772471328562,5.24,1695.3,18.02,0.42,64.56,COMMERCIAL,0.93,True,LOCAL_DENSE
BNG-EAS-NODE-12,Bengaluru East (Whitefield) Zone 12,2011,12.99680883339487,77.72758250119779,7.42,1811.65,41.66,0.67,94.55,COMMERCIAL,0.91,True,LOCAL_DENSE
BNG-EAS-NODE-12,Bengaluru East (Whitefield) Zone 12,2012,12.9962056391803,77.72680991511216,7.78,1828.57,4.9,0.71,99.64,COMMERCIAL,0.93,True,LOCAL_DENSE
BNG-EAS-NODE-12,Bengaluru East (Whitefield) Zone 12,2013,12.996097461842067,77.72696882103253,7.95,1836.5,2.15,0.72,102.0,COMMERCIAL,0.96,True,LOCAL_DENSE
BNG-EAS-NODE-12,Bengaluru East (Whitefield) Zone 12,2014,12.995564981181676,77.7263653264088,8.14,1845.27,2.4,0.74,104.7,COMMERCIAL,0.96,True,LOCAL_DENSE
BNG-EAS-NODE-12,Bengaluru East (Whitefield) Zone 12,2015,12.995880454513793,77.72706046061086,9.05,1883.03,11.21,0.82,117.62,COMMERCIAL,0.94,True,LOCAL_DENSE
BNG-EAS-NODE-12,Bengaluru East (Whitefield) Zone 12,2016,12.995050304071494,77.72659193084212,10.68,1942.8,18.0,0.94,140.98,COMMERCIAL,0.96,True,LOCAL_DENSE
BNG-EAS-NODE-12,Bengaluru East (Whitefield) Zone 12,2017,12.99591770143364,77.72677808707635,5.27,1698.06,-50.66,0.42,65.02,COMMERCIAL,0.98,True,LOCAL_DENSE
BNG-EAS-NODE-12,Bengaluru East (Whitefield) Zone 12,2018,12.996288276574267,77.72700707174498,13.49,2030.45,155.91,1.0,182.02,SUBURBAN,0.92,True,LOCAL_DENSE
BNG-EAS-NODE-12,Bengaluru East (Whitefield) Zone 12,2019,12.99686607515287,77.72776787237582,4.98,1678.98,-63.12,0.38,61.03,COMMERCIAL,0.97,True,LOCAL_DENSE
BNG-EAS-NODE-12,Bengaluru East (Whitefield) Zone 12,2020,12.995707062576916,77.72643586019736,15.68,2089.87,215.24,1.0,214.72,SUBURBAN,0.95,True,LOCAL_DENSE
BNG-EAS-NODE-12,Bengaluru East (Whitefield) Zone 12,2021,12.996348624005758,77.72638931665541,9.96,1920.36,-36.51,0.88,130.65,COMMERCIAL,0.91,True,LOCAL_DENSE
BNG-EAS-NODE-12,Bengaluru East (Whitefield) Zone 12,2022,12.996528920631123,77.72648430553974,12.66,2009.8,27.1,1.0,169.89,SUBURBAN,0.91,True,LOCAL_DENSE
BNG-EAS-NODE-12,Bengaluru East (Whitefield) Zone 12,2023,12.995550684130329,77.72755242012985,10.94,1955.76,-13.57,0.95,144.83,COMMERCIAL,0.98,True,LOCAL_DENSE
BNG-EAS-NODE-13,Bengaluru East (Whitefield) Zone 13,2000,12.963216922357303,77.78146956601773,13.02,832.13,0.0,0.15,38.96,RESIDENTIAL,0.96,True,LOCAL_DENSE
BNG-EAS-NODE-13,Bengaluru East (Whitefield) Zone 13,2001,12.96445117619353,77.78141869690445,13.33,836.03,2.4,0.17,39.99,RESIDENTIAL,0.91,True,LOCAL_DENSE
BNG-EAS-NODE-13,Bengaluru East (Whitefield) Zone 13,2002,12.96465622093095,77.78169875032259,13.72,840.77,2.92,0.19,41.28,RESIDENTIAL,0.94,True,LOCAL_DENSE
BNG-EAS-NODE-13,Bengaluru East (Whitefield) Zone 13,2003,12.963567874127442,77.78186412266238,13.96,843.73,1.79,0.2,42.09,RESIDENTIAL,0.92,True,LOCAL_DENSE
BNG-EAS-NODE-13,Bengaluru East (Whitefield) Zone 13,2004,12.964602325919724,77.78164240006437,14.7,852.2,5.25,0.24,44.52,RESIDENTIAL,0.93,True,LOCAL_DENSE
BNG-EAS-NODE-13,Bengaluru East (Whitefield) Zone 13,2005,12.963423932766252,77.78123652798094,15.72,863.45,6.99,0.29,47.95,RESIDENTIAL,0.9,True,LOCAL_DENSE
BNG-EAS-NODE-13,Bengaluru East (Whitefield) Zone 13,2006,12.963924545938907,77.78300269717693,17.5,881.37,11.3,0.36,53.92,RESIDENTIAL,0.96,True,LOCAL_DENSE
BNG-EAS-NODE-13,Bengaluru East (Whitefield) Zone 13,2007,12.963328377128175,77.78111970785272,20.97,911.91,19.79,0.5,65.71,RESIDENTIAL,0.93,True,LOCAL_DENSE
BNG-EAS-NODE-13,Bengaluru East (Whitefield) Zone 13,2008,12.963391666449864,77.78301386973138,23.39,930.94,11.55,0.58,74.06,RESIDENTIAL,0.94,True,LOCAL_DENSE
BNG-EAS-NODE-13,Bengaluru East (Whitefield) Zone 13,2009,12.963018444572365,77.78303112001404,23.25,930.39,-0.6,0.57,73.59,RESIDENTIAL,0.97,True,LOCAL_DENSE
BNG-EAS-NODE-13,Bengaluru East (Whitefield) Zone 13,2010,12.963049665529562,77.78214908535415,25.42,946.37,9.36,0.64,81.17,RESIDENTIAL,0.97,True,LOCAL_DENSE
BNG-EAS-NODE-13,Bengaluru East (Whitefield) Zone 13,2011,12.962935947049719,77.78228532077279,24.26,938.58,-4.57,0.6,77.13,RESIDENTIAL,0.99,True,LOCAL_DENSE
BNG-EAS-NODE-13,Bengaluru East (Whitefield) Zone 13,2012,12.964826474707165,77.78259570229177,14.89,854.61,-38.64,0.25,45.16,RESIDENTIAL,0.93,True,LOCAL_DENSE
BNG-EAS-NODE-13,Bengaluru East (Whitefield) Zone 13,2013,12.964665895196122,77.78113975341653,18.86,895.04,26.68,0.41,58.55,RESIDENTIAL,0.98,True,LOCAL_DENSE
BNG-EAS-NODE-13,Bengaluru East (Whitefield) Zone 13,2014,12.964519561247487,77.78256789083895,19.37,899.75,2.7,0.43,60.29,RESIDENTIAL,0.91,True,LOCAL_DENSE
BNG-EAS-NODE-13,Bengaluru East (Whitefield) Zone 13,2015,12.963346260671905,77.78159726951665,15.34,859.7,-20.8,0.27,46.67,RESIDENTIAL,0.94,True,LOCAL_DENSE
BNG-EAS-NODE-13,Bengaluru East (Whitefield) Zone 13,2016,12.963159177642611,77.78198451754467,23.93,937.36,56.05,0.59,76.05,RESIDENTIAL,0.97,True,LOCAL_DENSE
BNG-EAS-NODE-13,Bengaluru East (Whitefield) Zone 13,2017,12.96316318227739,77.78179540025087,41.51,1039.72,73.41,0.99,138.93,COMMERCIAL,0.91,True,LOCAL_DENSE
BNG-EAS-NODE-13,Bengaluru East (Whitefield) Zone 13,2018,12.964723884093646,77.78160708492983,24.97,945.3,-39.84,0.62,79.68,RESIDENTIAL,0.91,True,LOCAL_DENSE
BNG-EAS-NODE-13,Bengaluru East (Whitefield) Zone 13,2019,12.964614708182397,77.78164780353673,47.61,1067.47,90.66,1.0,161.48,COMMERCIAL,0.97,True,LOCAL_DENSE
BNG-EAS-NODE-13,Bengaluru East (Whitefield) Zone 13,2020,12.964661822325755,77.78121201970707,36.53,1016.53,-23.26,0.89,120.91,COMMERCIAL,0.98,True,LOCAL_DENSE
BNG-EAS-NODE-13,Bengaluru East (Whitefield) Zone 13,2021,12.96431195110487,77.78148741905615,27.35,962.34,-25.15,0.68,88.05,RESIDENTIAL,0.98,True,LOCAL_DENSE
BNG-EAS-NODE-13,Bengaluru East (Whitefield) Zone 13,2022,12.963901807886378,77.78107670193953,19.51,901.52,-28.64,0.44,60.81,RESIDENTIAL,0.96,True,LOCAL_DENSE
BNG-EAS-NODE-13,Bengaluru East (Whitefield) Zone 13,2023,12.964811340451059,77.78130320981757,26.17,954.47,34.1,0.65,83.91,RESIDENTIAL,0.92,True,LOCAL_DENSE
BNG-EAS-NODE-14,Bengaluru East (Whitefield) Zone 14,2000,12.976436801686509,77.73484175302652,14.39,115.33,0.0,0.25,46.45,RURAL,0.95,True,LOCAL_DENSE
BNG-EAS-NODE-14,Bengaluru East (Whitefield) Zone 14,2001,12.976323100800602,77.73641523769768,14.99,116.24,4.14,0.28,48.57,RURAL,0.98,True,LOCAL_DENSE
BNG-EAS-NODE-14,Bengaluru East (Whitefield) Zone 14,2002,12.975596147844676,77.73635658014669,15.9,117.57,6.06,0.33,51.8,RURAL,0.99,True,LOCAL_DENSE
BNG-EAS-NODE-14,Bengaluru East (Whitefield) Zone 14,2003,12.97636230934852,77.73492678908276,15.93,117.64,0.2,0.33,51.92,RURAL,0.96,True,LOCAL_DENSE
BNG-EAS-NODE-14,Bengaluru East (Whitefield) Zone 14,2004,12.975932071521317,77.73618809245245,15.12,116.46,-5.08,0.29,49.03,RURAL,0.94,True,LOCAL_DENSE
BNG-EAS-NODE-14,Bengaluru East (Whitefield) Zone 14,2005,12.975265986107573,77.73585226287443,20.0,122.86,32.26,0.49,66.61,RURAL,0.94,True,LOCAL_DENSE
BNG-EAS-NODE-14,Bengaluru East (Whitefield) Zone 14,2006,12.975493616434415,77.73572664113848,15.59,117.17,-22.04,0.31,50.71,RURAL,0.9,True,LOCAL_DENSE
BNG-EAS-NODE-14,Bengaluru East (Whitefield) Zone 14,2007,12.975443203571315,77.7344964874889,18.6,121.25,19.28,0.44,61.53,RURAL,0.94,True,LOCAL_DENSE
BNG-EAS-NODE-14,Bengaluru East (Whitefield) Zone 14,2008,12.97466648347768,77.7352963332349,18.78,121.51,1.02,0.44,62.22,RURAL,0.94,True,LOCAL_DENSE
BNG-EAS-NODE-14,Bengaluru East (Whitefield) Zone 14,2009,12.97626737996834,77.73616664391014,19.4,122.28,3.29,0.47,64.47,RURAL,0.96,True,LOCAL_DENSE
BNG-EAS-NODE-14,Bengaluru East (Whitefield) Zone 14,2010,12.975940537351995,77.73473778112383,23.8,127.15,22.68,0.62,80.66,RURAL,0.92,True,LOCAL_DENSE
BNG-EAS-NODE-14,Bengaluru East (Whitefield) Zone 14,2011,12.975405852326173,77.73614651269587,22.02,125.31,-7.5,0.56,74.07,RURAL,0.94,True,LOCAL_DENSE
BNG-EAS-NODE-14,Bengaluru East (Whitefield) Zone 14,2012,12.975406015847053,77.73510465331336,103.95,165.16,372.15,1.0,401.97,RURAL,0.95,True,LOCAL_DENSE
BNG-EAS-NODE-14,Bengaluru East (Whitefield) Zone 14,2013,12.975164684191142,77.73638539296738,37.92,138.81,-63.52,0.96,134.3,RURAL,0.96,True,LOCAL_DENSE
BNG-EAS-NODE-14,Bengaluru East (Whitefield) Zone 14,2014,12.975717288609182,77.73596647345022,36.3,137.78,-4.29,0.92,128.05,RURAL,0.92,True,LOCAL_DENSE
BNG-EAS-NODE-14,Bengaluru East (Whitefield) Zone 14,2015,12.974716529379505,77.7354922558159,54.91,148.68,51.29,1.0,201.3,RURAL,0.98,True,LOCAL_DENSE
BNG-EAS-NODE-14,Bengaluru East (Whitefield) Zone 14,2016,12.975952258070805,77.7356211633526,22.1,125.48,-59.75,0.56,74.39,RURAL,0.93,True,LOCAL_DENSE
BNG-EAS-NODE-14,Bengaluru East (Whitefield) Zone 14,2017,12.974812126073468,77.73608893834734,25.09,128.61,13.55,0.65,85.52,RURAL,0.94,True,LOCAL_DENSE
BNG-EAS-NODE-14,Bengaluru East (Whitefield) Zone 14,2018,12.975986967740521,77.73493071976468,50.05,146.49,99.45,1.0,182.1,RURAL,0.99,True,LOCAL_DENSE
BNG-EAS-NODE-14,Bengaluru East (Whitefield) Zone 14,2019,12.975052443930203,77.73568685431083,17.41,119.76,-65.22,0.39,57.24,RURAL,0.93,True,LOCAL_DENSE
BNG-EAS-NODE-14,Bengaluru East (Whitefield) Zone 14,2020,12.974831148196131,77.73503291820887,42.22,142.05,142.58,1.0,151.25,RURAL,0.97,True,LOCAL_DENSE
BNG-EAS-NODE-14,Bengaluru East (Whitefield) Zone 14,2021,12.975559905779804,77.73619668867464,66.43,154.58,57.34,1.0,248.31,RURAL,0.99,True,LOCAL_DENSE
BNG-EAS-NODE-14,Bengaluru East (Whitefield) Zone 14,2022,12.975598244223736,77.73513302598013,532.57,222.27,701.69,1.0,2391.71,RURAL,0.96,True,LOCAL_DENSE
BNG-EAS-NODE-14,Bengaluru East (Whitefield) Zone 14,2023,12.975346361032644,77.7359738015549,39.1,140.12,-92.66,0.97,139.12,RURAL,0.91,True,LOCAL_DENSE
BNG-EAS-NODE-15,Bengaluru East (Whitefield) Zone 15,2000,12.974063910823094,77.75919134220088,9.99,1561.11,0.0,0.28,29.6,COMMERCIAL,0.94,True,LOCAL_DENSE
BNG-EAS-NODE-15,Bengaluru East (Whitefield) Zone 15,2001,12.974775374213047,77.75883354851837,10.53,1577.21,5.44,0.32,31.37,COMMERCIAL,0.98,True,LOCAL_DENSE
BNG-EAS-NODE-15,Bengaluru East (Whitefield) Zone 15,2002,12.973069483628954,77.75924214311614,11.43,1602.19,8.57,0.38,34.33,COMMERCIAL,0.91,True,LOCAL_DENSE
BNG-EAS-NODE-15,Bengaluru East (Whitefield) Zone 15,2003,12.973554396299056,77.75739328505561,17.96,1733.52,57.1,0.74,56.11,COMMERCIAL,0.96,True,LOCAL_DENSE
BNG-EAS-NODE-15,Bengaluru East (Whitefield) Zone 15,2004,12.974098100880097,77.7586984647042,10.75,1584.08,-40.13,0.33,32.1,COMMERCIAL,0.95,True,LOCAL_DENSE
BNG-EAS-NODE-15,Bengaluru East (Whitefield) Zone 15,2005,12.974796782527514,77.75804349809032,13.81,1661.51,28.41,0.52,42.22,COMMERCIAL,0.99,True,LOCAL_DENSE
BNG-EAS-NODE-15,Bengaluru East (Whitefield) Zone 15,2006,12.974796796470601,77.75854925385939,14.01,1666.61,1.44,0.53,42.89,COMMERCIAL,0.96,True,LOCAL_DENSE
BNG-EAS-NODE-15,Bengaluru East (Whitefield) Zone 15,2007,12.974001786524926,77.75759830118312,11.15,1595.41,-20.42,0.36,33.39,COMMERCIAL,0.97,True,LOCAL_DENSE
BNG-EAS-NODE-15,Bengaluru East (Whitefield) Zone 15,2008,12.974385624240925,77.75841139341374,55.46,2113.22,397.6,1.0,191.5,SUBURBAN,0.98,True,LOCAL_DENSE
BNG-EAS-NODE-15,Bengaluru East (Whitefield) Zone 15,2009,12.97351888246176,77.75860342151375,12.81,1639.51,-76.9,0.46,38.91,COMMERCIAL,0.97,True,LOCAL_DENSE
BNG-EAS-NODE-15,Bengaluru East (Whitefield) Zone 15,2010,12.97423982082599,77.75773554463387,17.3,1736.28,35.03,0.68,54.08,COMMERCIAL,0.95,True,LOCAL_DENSE
BNG-EAS-NODE-15,Bengaluru East (Whitefield) Zone 15,2011,12.97453499420817,77.75788167291529,21.0,1800.72,21.38,0.82,66.85,COMMERCIAL,0.94,True,LOCAL_DENSE
BNG-EAS-NODE-15,Bengaluru East (Whitefield) Zone 15,2012,12.973776116825945,77.75813247283457,12.03,1619.81,-42.7,0.41,36.32,COMMERCIAL,0.96,True,LOCAL_DENSE
BNG-EAS-NODE-15,Bengaluru East (Whitefield) Zone 15,2013,12.973311126347395,77.75837498012224,18.51,1760.06,53.83,0.72,58.25,COMMERCIAL,0.94,True,LOCAL_DENSE
BNG-EAS-NODE-15,Bengaluru East (Whitefield) Zone 15,2014,12.973264778223133,77.75806303366551,17.28,1737.54,-6.66,0.67,54.02,COMMERCIAL,0.96,True,LOCAL_DENSE
BNG-EAS-NODE-15,Bengaluru East (Whitefield) Zone 15,2015,12.973866547297025,77.75801941635396,30.53,1933.31,76.73,1.0,100.73,COMMERCIAL,0.9,True,LOCAL_DENSE
BNG-EAS-NODE-15,Bengaluru East (Whitefield) Zone 15,2016,12.974262927589413,77.75851381842536,19.14,1772.41,-37.32,0.75,60.44,COMMERCIAL,0.96,True,LOCAL_DENSE
BNG-EAS-NODE-15,Bengaluru East (Whitefield) Zone 15,2017,12.973351387673848,77.75793494673064,13.36,1653.69,-30.18,0.49,40.75,COMMERCIAL,0.99,True,LOCAL_DENSE
BNG-EAS-NODE-15,Bengaluru East (Whitefield) Zone 15,2018,12.97412663862153,77.75768126316594,12.46,1631.19,-6.75,0.44,37.74,COMMERCIAL,0.91,True,LOCAL_DENSE
BNG-EAS-NODE-15,Bengaluru East (Whitefield) Zone 15,2019,12.974096013364854,77.7584061522328,589.66,3207.92,4632.53,1.0,2513.54,SUBURBAN,0.93,True,LOCAL_DENSE
BNG-EAS-NODE-15,Bengaluru East (Whitefield) Zone 15,2020,12.973895684288928,77.75786154784875,42.18,2057.5,-92.85,1.0,143.58,SUBURBAN,0.97,True,LOCAL_DENSE
BNG-EAS-NODE-15,Bengaluru East (Whitefield) Zone 15,2021,12.974056511537837,77.7584874474828,35.69,1995.86,-15.4,1.0,119.62,COMMERCIAL,0.93,True,LOCAL_DENSE
BNG-EAS-NODE-15,Bengaluru East (Whitefield) Zone 15,2022,12.973022543106408,77.7590416376685,24.78,1863.92,-30.58,0.93,80.24,COMMERCIAL,0.97,True,LOCAL_DENSE
BNG-EAS-NODE-15,Bengaluru East (Whitefield) Zone 15,2023,12.974803722183884,77.75770850705193,19.54,1781.31,-21.11,0.76,61.87,COMMERCIAL,0.96,True,LOCAL_DENSE
BNG-WES-NODE-01,Bengaluru West (Kengeri) Zone 1,2000,12.93426928853978,77.48317524324929,13.98,578.13,0.0,0.32,9.88,INDUSTRIAL,0.98,True,LOCAL_DENSE
BNG-WES-NODE-01,Bengaluru West (Kengeri) Zone 1,2001,12.934401517494452,77.48285700882022,14.39,581.44,2.95,0.34,10.2,INDUSTRIAL,0.98,True,LOCAL_DENSE
BNG-WES-NODE-01,Bengaluru West (Kengeri) Zone 1,2002,12.934557897794665,77.4845736051123,16.13,594.19,12.06,0.43,11.56,INDUSTRIAL,0.95,True,LOCAL_DENSE
BNG-WES-NODE-01,Bengaluru West (Kengeri) Zone 1,2003,12.93528943261753,77.48275992276804,14.94,585.73,-7.39,0.37,10.63,INDUSTRIAL,0.93,True,LOCAL_DENSE
BNG-WES-NODE-01,Bengaluru West (Kengeri) Zone 1,2004,12.935849041881271,77.48331150678214,18.72,611.38,25.34,0.53,13.61,INDUSTRIAL,0.93,True,LOCAL_DENSE
BNG-WES-NODE-01,Bengaluru West (Kengeri) Zone 1,2005,12.935218428754874,77.48433486845973,15.35,588.96,-17.98,0.39,10.95,INDUSTRIAL,0.99,True,LOCAL_DENSE
BNG-WES-NODE-01,Bengaluru West (Kengeri) Zone 1,2006,12.934527168729648,77.48290889392558,18.31,609.35,19.28,0.52,13.29,INDUSTRIAL,0.91,True,LOCAL_DENSE
BNG-WES-NODE-01,Bengaluru West (Kengeri) Zone 1,2007,12.934133386572228,77.48400664517888,16.22,595.36,-11.43,0.43,11.63,INDUSTRIAL,0.95,True,LOCAL_DENSE
BNG-WES-NODE-01,Bengaluru West (Kengeri) Zone 1,2008,12.934683362198216,77.48432459937351,20.34,621.87,25.38,0.59,14.91,INDUSTRIAL,0.96,True,LOCAL_DENSE
BNG-WES-NODE-01,Bengaluru West (Kengeri) Zone 1,2009,12.935702175830205,77.48367190481694,25.45,648.72,25.14,0.76,19.06,INDUSTRIAL,0.9,True,LOCAL_DENSE
BNG-WES-NODE-01,Bengaluru West (Kengeri) Zone 1,2010,12.934388160689114,77.48342725557488,25.44,648.93,-0.07,0.75,19.05,INDUSTRIAL,0.93,True,LOCAL_DENSE
BNG-WES-NODE-01,Bengaluru West (Kengeri) Zone 1,2011,12.93419741129622,77.48395176864967,17.64,605.33,-30.63,0.49,12.76,INDUSTRIAL,0.94,True,LOCAL_DENSE
BNG-WES-NODE-01,Bengaluru West (Kengeri) Zone 1,2012,12.934243138697061,77.48373865535584,31.4,675.38,77.95,0.91,23.99,INDUSTRIAL,0.97,True,LOCAL_DENSE
BNG-WES-NODE-01,Bengaluru West (Kengeri) Zone 1,2013,12.935713124024957,77.4844826530765,28.0,661.41,-10.82,0.82,21.17,INDUSTRIAL,0.96,True,LOCAL_DENSE
BNG-WES-NODE-01,Bengaluru West (Kengeri) Zone 1,2014,12.933955247817858,77.48351694520385,34.23,686.92,22.24,0.97,26.38,INDUSTRIAL,0.94,True,LOCAL_DENSE
BNG-WES-NODE-01,Bengaluru West (Kengeri) Zone 1,2015,12.935431313228673,77.48437764841385,31.03,674.72,-9.35,0.9,23.7,INDUSTRIAL,0.93,True,LOCAL_DENSE
BNG-WES-NODE-01,Bengaluru West (Kengeri) Zone 1,2016,12.934861130611369,77.48392548643994,41.73,713.26,34.5,1.0,32.77,INDUSTRIAL,0.97,True,LOCAL_DENSE
BNG-WES-NODE-01,Bengaluru West (Kengeri) Zone 1,2017,12.935486251493105,77.484183102785,51.15,740.83,22.57,1.0,40.94,INDUSTRIAL,0.92,True,LOCAL_DENSE
BNG-WES-NODE-01,Bengaluru West (Kengeri) Zone 1,2018,12.934200983361995,77.48326455083,374.54,1044.23,632.22,1.0,356.62,INDUSTRIAL,0.98,True,LOCAL_DENSE
BNG-WES-NODE-01,Bengaluru West (Kengeri) Zone 1,2019,12.934252140582732,77.48469616983131,57.3,757.33,-84.7,1.0,46.38,INDUSTRIAL,0.99,True,LOCAL_DENSE
BNG-WES-NODE-01,Bengaluru West (Kengeri) Zone 1,2020,12.934941993428383,77.48357471804854,228.37,967.32,298.53,1.0,209.13,INDUSTRIAL,0.93,True,LOCAL_DENSE
BNG-WES-NODE-01,Bengaluru West (Kengeri) Zone 1,2021,12.93445463551828,77.48344093209603,32.53,681.76,-85.76,0.93,24.97,INDUSTRIAL,0.94,True,LOCAL_DENSE
BNG-WES-NODE-01,Bengaluru West (Kengeri) Zone 1,2022,12.934848972885044,77.48309174757571,23.34,639.65,-28.23,0.69,17.35,INDUSTRIAL,0.94,True,LOCAL_DENSE
BNG-WES-NODE-01,Bengaluru West (Kengeri) Zone 1,2023,12.934266148822198,77.48333382137616,37.3,700.03,59.77,1.0,29.01,INDUSTRIAL,0.92,True,LOCAL_DENSE
BNG-WES-NODE-02,Bengaluru West (Kengeri) Zone 2,2000,12.929111004227599,77.44806149110829,6.31,499.04,0.0,0.16,36.09,RESIDENTIAL,0.96,True,LOCAL_DENSE
BNG-WES-NODE-02,Bengaluru West (Kengeri) Zone 2,2001,12.928692650232401,77.4480136449649,6.45,501.18,2.2,0.17,36.97,RESIDENTIAL,0.99,True,LOCAL_DENSE
BNG-WES-NODE-02,Bengaluru West (Kengeri) Zone 2,2002,12.929015412725395,77.44921116231602,7.35,513.76,13.92,0.27,42.64,RESIDENTIAL,0.91,True,LOCAL_DENSE
BNG-WES-NODE-02,Bengaluru West (Kengeri) Zone 2,2003,12.929067710478122,77.44782461747049,7.13,511.02,-3.01,0.24,41.24,RESIDENTIAL,0.96,True,LOCAL_DENSE
BNG-WES-NODE-02,Bengaluru West (Kengeri) Zone 2,2004,12.929362516676063,77.44844987640782,11.38,556.06,59.73,0.6,68.74,RESIDENTIAL,0.98,True,LOCAL_DENSE
BNG-WES-NODE-02,Bengaluru West (Kengeri) Zone 2,2005,12.929086359996262,77.44818372945339,7.88,521.07,-30.79,0.31,46.04,RESIDENTIAL,0.93,True,LOCAL_DENSE
BNG-WES-NODE-02,Bengaluru West (Kengeri) Zone 2,2006,12.928922343069331,77.44820556669961,7.19,511.98,-8.8,0.25,41.62,RESIDENTIAL,0.9,True,LOCAL_DENSE
BNG-WES-NODE-02,Bengaluru West (Kengeri) Zone 2,2007,12.92914784545887,77.44773768915097,9.25,537.39,28.76,0.43,54.91,RESIDENTIAL,0.96,True,LOCAL_DENSE
BNG-WES-NODE-02,Bengaluru West (Kengeri) Zone 2,2008,12.929298401608417,77.44890244299887,11.38,558.65,22.98,0.58,68.86,RESIDENTIAL,0.92,True,LOCAL_DENSE
BNG-WES-NODE-02,Bengaluru West (Kengeri) Zone 2,2009,12.929563504495759,77.44922558109597,8.28,526.41,-27.2,0.35,48.66,RESIDENTIAL,0.92,True,LOCAL_DENSE
BNG-WES-NODE-02,Bengaluru West (Kengeri) Zone 2,2010,12.92809754625556,77.44953078963925,12.37,567.91,49.3,0.64,75.47,RESIDENTIAL,0.96,True,LOCAL_DENSE
BNG-WES-NODE-02,Bengaluru West (Kengeri) Zone 2,2011,12.929622776400548,77.4487907745261,11.09,556.7,-10.33,0.56,66.99,RESIDENTIAL,0.9,True,LOCAL_DENSE
BNG-WES-NODE-02,Bengaluru West (Kengeri) Zone 2,2012,12.927806915225341,77.44894150546362,10.5,551.06,-5.36,0.52,63.08,RESIDENTIAL,0.98,True,LOCAL_DENSE
BNG-WES-NODE-02,Bengaluru West (Kengeri) Zone 2,2013,12.927956815282156,77.44797829381278,10.67,552.94,1.69,0.53,64.25,RESIDENTIAL,0.99,True,LOCAL_DENSE
BNG-WES-NODE-02,Bengaluru West (Kengeri) Zone 2,2014,12.929476090588352,77.44866178492093,18.21,611.12,70.62,0.93,115.28,RESIDENTIAL,0.95,True,LOCAL_DENSE
BNG-WES-NODE-02,Bengaluru West (Kengeri) Zone 2,2015,12.929572595045261,77.44820958293256,7.37,514.58,-59.55,0.26,42.77,RESIDENTIAL,0.94,True,LOCAL_DENSE
BNG-WES-NODE-02,Bengaluru West (Kengeri) Zone 2,2016,12.928344641718498,77.44816017548692,8.24,526.04,11.83,0.34,48.36,RESIDENTIAL,0.94,True,LOCAL_DENSE
BNG-WES-NODE-02,Bengaluru West (Kengeri) Zone 2,2017,12.928503535070451,77.4481754415753,23.14,639.69,180.91,1.0,149.87,RESIDENTIAL,0.93,True,LOCAL_DENSE
BNG-WES-NODE-02,Bengaluru West (Kengeri) Zone 2,2018,12.928440621407216,77.44781766195302,12.34,568.97,-46.66,0.63,75.36,RESIDENTIAL,0.91,True,LOCAL_DENSE
BNG-WES-NODE-02,Bengaluru West (Kengeri) Zone 2,2019,12.929440438284804,77.44814786095522,10.85,555.16,-12.06,0.54,65.46,RESIDENTIAL,0.91,True,LOCAL_DENSE
BNG-WES-NODE-02,Bengaluru West (Kengeri) Zone 2,2020,12.928725732174149,77.44894393642578,11.26,559.14,3.72,0.57,68.14,RESIDENTIAL,0.97,True,LOCAL_DENSE
BNG-WES-NODE-02,Bengaluru West (Kengeri) Zone 2,2021,12.928122209484734,77.44927447035411,23.84,644.64,111.82,1.0,155.03,RESIDENTIAL,0.96,True,LOCAL_DENSE
BNG-WES-NODE-02,Bengaluru West (Kengeri) Zone 2,2022,12.92919101301156,77.4477379045622,20.2,625.22,-15.3,0.99,129.31,RESIDENTIAL,0.96,True,LOCAL_DENSE
BNG-WES-NODE-02,Bengaluru West (Kengeri) Zone 2,2023,12.92920376140602,77.44912884368439,14.12,584.27,-30.1,0.73,87.37,RESIDENTIAL,0.94,True,LOCAL_DENSE
BNG-WES-NODE-03,Bengaluru West (Kengeri) Zone 3,2000,12.943389586365136,77.51889630933648,9.93,339.96,0.0,0.43,23.04,RURAL,0.97,True,LOCAL_DENSE
BNG-WES-NODE-03,Bengaluru West (Kengeri) Zone 3,2001,12.94197540012637,77.51945188968396,10.26,342.18,3.37,0.45,23.89,RURAL,0.98,True,LOCAL_DENSE
BNG-WES-NODE-03,Bengaluru West (Kengeri) Zone 3,2002,12.941989110670603,77.52031421718732,10.36,342.83,0.94,0.46,24.14,RURAL,0.99,True,LOCAL_DENSE
BNG-WES-NODE-03,Bengaluru West (Kengeri) Zone 3,2003,12.943402071197283,77.52043287833281,10.76,345.39,3.87,0.48,25.17,RURAL,0.97,True,LOCAL_DENSE
BNG-WES-NODE-03,Bengaluru West (Kengeri) Zone 3,2004,12.942073891349194,77.51863430506934,12.21,353.89,13.49,0.57,28.92,RURAL,0.95,True,LOCAL_DENSE
BNG-WES-NODE-03,Bengaluru West (Kengeri) Zone 3,2005,12.942266956947122,77.52051995342093,13.25,359.48,8.52,0.63,31.63,RURAL,0.98,True,LOCAL_DENSE
BNG-WES-NODE-03,Bengaluru West (Kengeri) Zone 3,2006,12.943470453838255,77.51892221572072,25.85,404.71,95.05,1.0,65.49,RESIDENTIAL,0.95,True,LOCAL_DENSE
BNG-WES-NODE-03,Bengaluru West (Kengeri) Zone 3,2007,12.943125684258593,77.51955388062832,14.12,364.04,-45.36,0.68,33.92,RURAL,0.92,True,LOCAL_DENSE
BNG-WES-NODE-03,Bengaluru West (Kengeri) Zone 3,2008,12.94340541477255,77.51913485600778,13.38,360.42,-5.24,0.64,31.98,RURAL,0.96,True,LOCAL_DENSE
BNG-WES-NODE-03,Bengaluru West (Kengeri) Zone 3,2009,12.942028360961123,77.51941948983438,19.59,387.16,46.39,0.92,48.53,RURAL,0.93,True,LOCAL_DENSE
BNG-WES-NODE-03,Bengaluru West (Kengeri) Zone 3,2010,12.94206920020103,77.51903525492756,14.38,365.54,-26.58,0.69,34.62,RURAL,0.93,True,LOCAL_DENSE
BNG-WES-NODE-03,Bengaluru West (Kengeri) Zone 3,2011,12.942722154266583,77.51919324565019,16.26,374.26,13.06,0.78,39.61,RURAL,0.93,True,LOCAL_DENSE
BNG-WES-NODE-03,Bengaluru West (Kengeri) Zone 3,2012,12.94353669121611,77.51912033841867,16.54,375.55,1.71,0.79,40.35,RURAL,0.97,True,LOCAL_DENSE
BNG-WES-NODE-03,Bengaluru West (Kengeri) Zone 3,2013,12.94235028028467,77.52057564226305,24.16,403.28,46.04,1.0,61.08,RESIDENTIAL,0.99,True,LOCAL_DENSE
BNG-WES-NODE-03,Bengaluru West (Kengeri) Zone 3,2014,12.941721398047726,77.52024715425301,12.6,356.38,-47.85,0.59,29.93,RURAL,0.97,True,LOCAL_DENSE
BNG-WES-NODE-03,Bengaluru West (Kengeri) Zone 3,2015,12.942799779257257,77.5193457110666,22.23,397.44,76.51,1.0,55.8,RURAL,0.96,True,LOCAL_DENSE
BNG-WES-NODE-03,Bengaluru West (Kengeri) Zone 3,2016,12.942433913255964,77.51958033327818,86.51,507.13,289.08,1.0,245.52,RESIDENTIAL,0.93,True,LOCAL_DENSE
BNG-WES-NODE-03,Bengaluru West (Kengeri) Zone 3,2017,12.943528274116245,77.5196583023865,27.27,413.2,-68.48,1.0,69.79,RESIDENTIAL,0.93,True,LOCAL_DENSE
BNG-WES-NODE-03,Bengaluru West (Kengeri) Zone 3,2018,12.942940354060182,77.5193325321804,26.73,411.81,-1.98,1.0,68.29,RESIDENTIAL,0.95,True,LOCAL_DENSE
BNG-WES-NODE-03,Bengaluru West (Kengeri) Zone 3,2019,12.943298066684374,77.52038440993739,119.94,539.28,348.71,1.0,351.08,RESIDENTIAL,0.98,True,LOCAL_DENSE
BNG-WES-NODE-03,Bengaluru West (Kengeri) Zone 3,2020,12.942370230585059,77.52013536380647,18.61,384.6,-84.48,0.87,45.95,RURAL,0.97,True,LOCAL_DENSE
BNG-WES-NODE-03,Bengaluru West (Kengeri) Zone 3,2021,12.943415606835488,77.51934435587471,22.74,399.7,22.16,1.0,57.22,RURAL,0.92,True,LOCAL_DENSE
BNG-WES-NODE-03,Bengaluru West (Kengeri) Zone 3,2022,12.942150438861894,77.51979034506486,15.17,369.71,-33.26,0.73,36.72,RURAL,0.95,True,LOCAL_DENSE
BNG-WES-NODE-03,Bengaluru West (Kengeri) Zone 3,2023,12.9423655136544,77.52046805678411,13.01,358.75,-14.23,0.62,31.03,RURAL,0.95,True,LOCAL_DENSE
BNG-WES-NODE-04,Bengaluru West (Kengeri) Zone 4,2000,12.915423951654933,77.46617947189992,14.15,1209.01,0.0,0.21,17.62,COMMERCIAL,0.93,True,LOCAL_DENSE
BNG-WES-NODE-04,Bengaluru West (Kengeri) Zone 4,2001,12.916386918717915,77.46541890432191,15.0,1222.76,6.03,0.25,18.79,COMMERCIAL,0.99,True,LOCAL_DENSE
BNG-WES-NODE-04,Bengaluru West (Kengeri) Zone 4,2002,12.915751306510337,77.46504644432721,16.34,1242.75,8.88,0.31,20.62,COMMERCIAL,0.97,True,LOCAL_DENSE
BNG-WES-NODE-04,Bengaluru West (Kengeri) Zone 4,2003,12.916248457252442,77.46543165391515,17.24,1255.76,5.51,0.35,21.87,COMMERCIAL,0.94,True,LOCAL_DENSE
BNG-WES-NODE-04,Bengaluru West (Kengeri) Zone 4,2004,12.916931792794024,77.46561743719556,18.39,1271.44,6.66,0.4,23.48,COMMERCIAL,0.94,True,LOCAL_DENSE
BNG-WES-NODE-04,Bengaluru West (Kengeri) Zone 4,2005,12.915693781697245,77.46609866071076,18.1,1268.23,-1.54,0.38,23.09,COMMERCIAL,0.98,True,LOCAL_DENSE
BNG-WES-NODE-04,Bengaluru West (Kengeri) Zone 4,2006,12.916974783266108,77.46606632138486,16.3,1243.14,-9.97,0.31,20.58,COMMERCIAL,0.98,True,LOCAL_DENSE
BNG-WES-NODE-04,Bengaluru West (Kengeri) Zone 4,2007,12.915574719859231,77.46585701663905,18.73,1277.01,14.92,0.41,23.97,COMMERCIAL,0.91,True,LOCAL_DENSE
BNG-WES-NODE-04,Bengaluru West (Kengeri) Zone 4,2008,12.915681948847302,77.46500669784545,25.81,1356.34,37.84,0.65,34.05,COMMERCIAL,0.95,True,LOCAL_DENSE
BNG-WES-NODE-04,Bengaluru West (Kengeri) Zone 4,2009,12.916602768249916,77.4659639347374,27.74,1375.21,7.47,0.7,36.85,COMMERCIAL,0.93,True,LOCAL_DENSE
BNG-WES-NODE-04,Bengaluru West (Kengeri) Zone 4,2010,12.916960590181944,77.46544493515984,120.34,1764.64,333.75,1.0,181.34,COMMERCIAL,0.92,True,LOCAL_DENSE
BNG-WES-NODE-04,Bengaluru West (Kengeri) Zone 4,2011,12.916763346155728,77.46450383923418,26.82,1367.98,-77.71,0.67,35.53,COMMERCIAL,0.91,True,LOCAL_DENSE
BNG-WES-NODE-04,Bengaluru West (Kengeri) Zone 4,2012,12.91617181345576,77.46534670048518,25.22,1352.71,-5.97,0.62,33.22,COMMERCIAL,0.94,True,LOCAL_DENSE
BNG-WES-NODE-04,Bengaluru West (Kengeri) Zone 4,2013,12.91667534987393,77.46518961511296,186.4,1914.18,639.06,1.0,292.61,COMMERCIAL,0.98,True,LOCAL_DENSE
BNG-WES-NODE-04,Bengaluru West (Kengeri) Zone 4,2014,12.916119880647832,77.4660115615061,32.12,1416.41,-82.77,0.8,43.29,COMMERCIAL,0.91,True,LOCAL_DENSE
BNG-WES-NODE-04,Bengaluru West (Kengeri) Zone 4,2015,12.916667511902656,77.46572424360909,23.49,1335.22,-26.88,0.57,30.73,COMMERCIAL,0.98,True,LOCAL_DENSE
BNG-WES-NODE-04,Bengaluru West (Kengeri) Zone 4,2016,12.916105427432264,77.46470834580404,26.03,1362.04,10.85,0.64,34.41,COMMERCIAL,0.95,True,LOCAL_DENSE
BNG-WES-NODE-04,Bengaluru West (Kengeri) Zone 4,2017,12.915749191643151,77.4656374422217,26.37,1365.59,1.28,0.65,34.9,COMMERCIAL,0.95,True,LOCAL_DENSE
BNG-WES-NODE-04,Bengaluru West (Kengeri) Zone 4,2018,12.916891911788918,77.4645412330952,28.32,1384.63,7.42,0.7,37.75,COMMERCIAL,0.93,True,LOCAL_DENSE
BNG-WES-NODE-04,Bengaluru West (Kengeri) Zone 4,2019,12.916493801296603,77.46434659935301,26.22,1364.47,-7.44,0.65,34.68,COMMERCIAL,0.94,True,LOCAL_DENSE
BNG-WES-NODE-04,Bengaluru West (Kengeri) Zone 4,2020,12.916589010767792,77.46498799585179,40.64,1483.31,55.01,0.97,56.06,COMMERCIAL,0.98,True,LOCAL_DENSE
BNG-WES-NODE-04,Bengaluru West (Kengeri) Zone 4,2021,12.91595139263246,77.46568927340466,59.54,1593.18,46.5,1.0,85.13,COMMERCIAL,0.95,True,LOCAL_DENSE
BNG-WES-NODE-04,Bengaluru West (Kengeri) Zone 4,2022,12.916170431621335,77.4656012441658,21.16,1309.13,-64.46,0.49,27.41,COMMERCIAL,0.98,True,LOCAL_DENSE
BNG-WES-NODE-04,Bengaluru West (Kengeri) Zone 4,2023,12.91589997720773,77.46460715633468,32.11,1419.38,51.76,0.79,43.32,COMMERCIAL,0.93,True,LOCAL_DENSE
BNG-WES-NODE-05,Bengaluru West (Kengeri) Zone 5,2000,12.928253620049421,77.499995120582,7.87,1704.39,0.0,0.35,9.38,COMMERCIAL,0.92,True,LOCAL_DENSE
BNG-WES-NODE-05,Bengaluru West (Kengeri) Zone 5,2001,12.929788998710897,77.49976184063662,8.31,1722.68,5.67,0.39,9.96,COMMERCIAL,0.93,True,LOCAL_DENSE
BNG-WES-NODE-05,Bengaluru West (Kengeri) Zone 5,2002,12.928784731415076,77.49976044505564,8.38,1725.53,0.77,0.39,10.05,COMMERCIAL,0.9,True,LOCAL_DENSE
BNG-WES-NODE-05,Bengaluru West (Kengeri) Zone 5,2003,12.929394544008883,77.50029502987647,8.45,1728.56,0.87,0.4,10.14,COMMERCIAL,0.9,True,LOCAL_DENSE
BNG-WES-NODE-05,Bengaluru West (Kengeri) Zone 5,2004,12.929571440912431,77.49960458314574,8.74,1740.02,3.42,0.42,10.52,COMMERCIAL,0.92,True,LOCAL_DENSE
BNG-WES-NODE-05,Bengaluru West (Kengeri) Zone 5,2005,12.928571029282775,77.4989417851121,9.1,1753.67,4.07,0.45,11.0,COMMERCIAL,0.96,True,LOCAL_DENSE
BNG-WES-NODE-05,Bengaluru West (Kengeri) Zone 5,2006,12.928528098796317,77.49986360663591,9.74,1777.03,7.05,0.5,11.85,COMMERCIAL,0.93,True,LOCAL_DENSE
BNG-WES-NODE-05,Bengaluru West (Kengeri) Zone 5,2007,12.928425901386822,77.49934351710152,8.75,1740.67,-10.14,0.42,10.54,COMMERCIAL,0.94,True,LOCAL_DENSE
BNG-WES-NODE-05,Bengaluru West (Kengeri) Zone 5,2008,12.928228812271552,77.49903797125984,11.45,1833.46,30.87,0.62,14.16,COMMERCIAL,0.95,True,LOCAL_DENSE
BNG-WES-NODE-05,Bengaluru West (Kengeri) Zone 5,2009,12.928330534148103,77.50032289657037,12.23,1856.98,6.83,0.66,15.22,COMMERCIAL,0.95,True,LOCAL_DENSE
BNG-WES-NODE-05,Bengaluru West (Kengeri) Zone 5,2010,12.928426085683379,77.49915452626762,16.55,1965.08,35.29,0.89,21.19,COMMERCIAL,0.96,True,LOCAL_DENSE
BNG-WES-NODE-05,Bengaluru West (Kengeri) Zone 5,2011,12.92883176471941,77.49966824036595,13.96,1904.78,-15.67,0.76,17.59,COMMERCIAL,0.97,True,LOCAL_DENSE
BNG-WES-NODE-05,Bengaluru West (Kengeri) Zone 5,2012,12.928062883777322,77.49860434941132,10.91,1817.59,-21.85,0.58,13.43,COMMERCIAL,0.93,True,LOCAL_DENSE
BNG-WES-NODE-05,Bengaluru West (Kengeri) Zone 5,2013,12.929191066920716,77.4991282972309,16.59,1968.85,52.11,0.88,21.26,COMMERCIAL,0.96,True,LOCAL_DENSE
BNG-WES-NODE-05,Bengaluru West (Kengeri) Zone 5,2014,12.928979197110275,77.49876586548281,56.5,2450.4,240.5,1.0,80.84,SUBURBAN,0.91,True,LOCAL_DENSE
BNG-WES-NODE-05,Bengaluru West (Kengeri) Zone 5,2015,12.929218196006332,77.50026643000609,14.16,1911.85,-74.93,0.77,17.88,COMMERCIAL,0.92,True,LOCAL_DENSE
BNG-WES-NODE-05,Bengaluru West (Kengeri) Zone 5,2016,12.928968048313237,77.49990210947834,19.7,2035.15,39.05,1.0,25.65,SUBURBAN,0.98,True,LOCAL_DENSE
BNG-WES-NODE-05,Bengaluru West (Kengeri) Zone 5,2017,12.928389845813758,77.49979692982404,24.63,2122.28,25.03,1.0,32.76,SUBURBAN,0.94,True,LOCAL_DENSE
BNG-WES-NODE-05,Bengaluru West (Kengeri) Zone 5,2018,12.92902439389396,77.49937767158049,17.14,1983.63,-30.41,0.9,22.04,COMMERCIAL,0.94,True,LOCAL_DENSE
BNG-WES-NODE-05,Bengaluru West (Kengeri) Zone 5,2019,12.929217470618351,77.49879100192113,20.12,2045.37,17.43,1.0,26.28,SUBURBAN,0.97,True,LOCAL_DENSE
BNG-WES-NODE-05,Bengaluru West (Kengeri) Zone 5,2020,12.92861564295987,77.49862806438144,28.66,2185.8,42.4,1.0,38.69,SUBURBAN,0.93,True,LOCAL_DENSE
BNG-WES-NODE-05,Bengaluru West (Kengeri) Zone 5,2021,12.929734830373802,77.49916717370009,26.82,2160.07,-6.39,1.0,36.0,SUBURBAN,0.95,True,LOCAL_DENSE
BNG-WES-NODE-05,Bengaluru West (Kengeri) Zone 5,2022,12.929565094726906,77.49866545014777,38.53,2310.85,43.64,1.0,53.5,SUBURBAN,0.96,True,LOCAL_DENSE
BNG-WES-NODE-05,Bengaluru West (Kengeri) Zone 5,2023,12.929306069434114,77.49980376210907,318.6,3343.36,726.88,1.0,533.1,SUBURBAN,0.91,True,LOCAL_DENSE
BNG-WES-NODE-06,Bengaluru West (Kengeri) Zone 6,2000,12.894136022480039,77.48644464382446,8.88,240.38,0.0,0.34,39.42,INDUSTRIAL,0.93,True,LOCAL_DENSE
BNG-WES-NODE-06,Bengaluru West (Kengeri) Zone 6,2001,12.89479681396186,77.48712396651082,9.57,243.84,7.76,0.39,42.78,INDUSTRIAL,0.96,True,LOCAL_DENSE
BNG-WES-NODE-06,Bengaluru West (Kengeri) Zone 6,2002,12.89386825485552,77.48593348568747,10.01,246.0,4.6,0.43,44.95,INDUSTRIAL,0.98,True,LOCAL_DENSE
BNG-WES-NODE-06,Bengaluru West (Kengeri) Zone 6,2003,12.893359107716826,77.48546780958068,10.09,246.4,0.72,0.43,45.31,INDUSTRIAL,0.9,True,LOCAL_DENSE
BNG-WES-NODE-06,Bengaluru West (Kengeri) Zone 6,2004,12.89427567975968,77.48687056786258,14.13,262.13,40.06,0.68,65.47,INDUSTRIAL,0.92,True,LOCAL_DENSE
BNG-WES-NODE-06,Bengaluru West (Kengeri) Zone 6,2005,12.894996891646423,77.4872945151888,10.2,247.02,-27.76,0.44,45.9,INDUSTRIAL,0.91,True,LOCAL_DENSE
BNG-WES-NODE-06,Bengaluru West (Kengeri) Zone 6,2006,12.894503076497392,77.48648445145088,11.59,253.16,13.58,0.53,52.78,INDUSTRIAL,0.99,True,LOCAL_DENSE
BNG-WES-NODE-06,Bengaluru West (Kengeri) Zone 6,2007,12.893944204386795,77.4863885481313,16.1,269.15,38.89,0.77,75.6,INDUSTRIAL,0.94,True,LOCAL_DENSE
BNG-WES-NODE-06,Bengaluru West (Kengeri) Zone 6,2008,12.894075542452663,77.48586274626452,16.11,269.37,0.05,0.77,75.67,INDUSTRIAL,0.92,True,LOCAL_DENSE
BNG-WES-NODE-06,Bengaluru West (Kengeri) Zone 6,2009,12.893381312164719,77.48647647862774,10.36,247.79,-35.7,0.45,46.66,INDUSTRIAL,0.96,True,LOCAL_DENSE
BNG-WES-NODE-06,Bengaluru West (Kengeri) Zone 6,2010,12.893520827060678,77.48704338034136,11.19,251.57,8.04,0.5,50.79,INDUSTRIAL,0.99,True,LOCAL_DENSE
BNG-WES-NODE-06,Bengaluru West (Kengeri) Zone 6,2011,12.893615521830457,77.48540651732834,10.15,246.82,-9.29,0.43,45.63,INDUSTRIAL,0.93,True,LOCAL_DENSE
BNG-WES-NODE-06,Bengaluru West (Kengeri) Zone 6,2012,12.894474444025846,77.48577328570852,10.99,250.72,8.3,0.49,49.81,INDUSTRIAL,0.93,True,LOCAL_DENSE
BNG-WES-NODE-06,Bengaluru West (Kengeri) Zone 6,2013,12.893205973696203,77.4869623983795,12.05,255.25,9.59,0.55,55.08,INDUSTRIAL,0.93,True,LOCAL_DENSE
BNG-WES-NODE-06,Bengaluru West (Kengeri) Zone 6,2014,12.89420170816854,77.48591368452968,25.41,293.9,110.95,1.0,124.71,INDUSTRIAL,0.96,True,LOCAL_DENSE
BNG-WES-NODE-06,Bengaluru West (Kengeri) Zone 6,2015,12.89504992398445,77.48715424566474,26.04,295.41,2.49,1.0,128.15,INDUSTRIAL,0.95,True,LOCAL_DENSE
BNG-WES-NODE-06,Bengaluru West (Kengeri) Zone 6,2016,12.894390476769638,77.48646783546849,10.51,248.53,-59.65,0.46,47.41,INDUSTRIAL,0.92,True,LOCAL_DENSE
BNG-WES-NODE-06,Bengaluru West (Kengeri) Zone 6,2017,12.893466373310842,77.4872626801621,15.86,269.29,50.93,0.75,74.49,INDUSTRIAL,0.94,True,LOCAL_DENSE
BNG-WES-NODE-06,Bengaluru West (Kengeri) Zone 6,2018,12.893855551195648,77.48718765892892,13.68,261.74,-13.73,0.65,63.35,INDUSTRIAL,0.92,True,LOCAL_DENSE
BNG-WES-NODE-06,Bengaluru West (Kengeri) Zone 6,2019,12.893478473504722,77.48562503877909,36.61,315.19,167.58,1.0,186.1,INDUSTRIAL,0.98,True,LOCAL_DENSE
BNG-WES-NODE-06,Bengaluru West (Kengeri) Zone 6,2020,12.893996040248197,77.48697852028096,27.65,299.4,-24.46,1.0,136.98,INDUSTRIAL,0.95,True,LOCAL_DENSE
BNG-WES-NODE-06,Bengaluru West (Kengeri) Zone 6,2021,12.893888404969667,77.48693470239722,11.45,252.8,-58.59,0.52,52.1,INDUSTRIAL,0.99,True,LOCAL_DENSE
BNG-WES-NODE-06,Bengaluru West (Kengeri) Zone 6,2022,12.893703281401283,77.48664139606822,41.75,323.45,264.61,1.0,214.98,INDUSTRIAL,0.94,True,LOCAL_DENSE
BNG-WES-NODE-06,Bengaluru West (Kengeri) Zone 6,2023,12.894619803610901,77.48575900358128,15.22,267.3,-63.55,0.72,71.21,INDUSTRIAL,0.94,True,LOCAL_DENSE
BNG-WES-NODE-07,Bengaluru West (Kengeri) Zone 7,2000,12.927900489400365,77.48474617960407,11.42,671.87,0.0,0.28,35.99,RESIDENTIAL,0.97,True,LOCAL_DENSE
BNG-WES-NODE-07,Bengaluru West (Kengeri) Zone 7,2001,12.928543569391884,77.48480731344581,11.73,675.49,2.77,0.3,37.08,RESIDENTIAL,0.94,True,LOCAL_DENSE
BNG-WES-NODE-07,Bengaluru West (Kengeri) Zone 7,2002,12.928697933501237,77.48383523895872,11.79,676.17,0.49,0.31,37.28,RESIDENTIAL,0.93,True,LOCAL_DENSE
BNG-WES-NODE-07,Bengaluru West (Kengeri) Zone 7,2003,12.928143472485356,77.48330103607223,13.51,694.11,14.58,0.41,43.28,RESIDENTIAL,0.93,True,LOCAL_DENSE
BNG-WES-NODE-07,Bengaluru West (Kengeri) Zone 7,2004,12.927908003791202,77.48466142703388,14.46,703.3,7.08,0.46,46.65,RESIDENTIAL,0.97,True,LOCAL_DENSE
BNG-WES-NODE-07,Bengaluru West (Kengeri) Zone 7,2005,12.928225462498713,77.48379237804241,12.2,680.76,-15.67,0.33,38.7,RESIDENTIAL,0.92,True,LOCAL_DENSE
BNG-WES-NODE-07,Bengaluru West (Kengeri) Zone 7,2006,12.929070551551144,77.48372649256618,18.03,733.2,47.79,0.62,59.37,RESIDENTIAL,0.97,True,LOCAL_DENSE
BNG-WES-NODE-07,Bengaluru West (Kengeri) Zone 7,2007,12.92747710558336,77.48373640390778,17.06,726.11,-5.38,0.57,55.9,RESIDENTIAL,0.97,True,LOCAL_DENSE
BNG-WES-NODE-07,Bengaluru West (Kengeri) Zone 7,2008,12.927651306965696,77.48436457362367,13.52,694.67,-20.75,0.4,43.33,RESIDENTIAL,0.95,True,LOCAL_DENSE
BNG-WES-NODE-07,Bengaluru West (Kengeri) Zone 7,2009,12.928316753972465,77.4832906279221,12.52,684.31,-7.39,0.35,39.83,RESIDENTIAL,0.99,True,LOCAL_DENSE
BNG-WES-NODE-07,Bengaluru West (Kengeri) Zone 7,2010,12.9275904017627,77.48347306008054,13.9,698.56,11.05,0.42,44.69,RESIDENTIAL,0.91,True,LOCAL_DENSE
BNG-WES-NODE-07,Bengaluru West (Kengeri) Zone 7,2011,12.928861479981133,77.48353979234777,17.95,733.92,29.12,0.61,59.14,RESIDENTIAL,0.91,True,LOCAL_DENSE
BNG-WES-NODE-07,Bengaluru West (Kengeri) Zone 7,2012,12.9272070495105,77.48449220974298,19.18,743.37,6.85,0.66,63.6,RESIDENTIAL,0.9,True,LOCAL_DENSE
BNG-WES-NODE-07,Bengaluru West (Kengeri) Zone 7,2013,12.927662117603235,77.48305591973339,16.98,726.4,-11.44,0.57,55.68,RESIDENTIAL,0.97,True,LOCAL_DENSE
BNG-WES-NODE-07,Bengaluru West (Kengeri) Zone 7,2014,12.927322262790396,77.48374133128458,19.7,747.5,16.01,0.67,65.53,RESIDENTIAL,0.96,True,LOCAL_DENSE
BNG-WES-NODE-07,Bengaluru West (Kengeri) Zone 7,2015,12.927857194901655,77.48297852373358,13.72,696.83,-30.38,0.41,44.04,RESIDENTIAL,0.99,True,LOCAL_DENSE
BNG-WES-NODE-07,Bengaluru West (Kengeri) Zone 7,2016,12.928503510139977,77.48411781276417,37.89,845.21,176.21,1.0,134.02,RESIDENTIAL,0.94,True,LOCAL_DENSE
BNG-WES-NODE-07,Bengaluru West (Kengeri) Zone 7,2017,12.92723488777596,77.48394052903932,26.52,791.37,-30.0,0.89,90.75,RESIDENTIAL,0.99,True,LOCAL_DENSE
BNG-WES-NODE-07,Bengaluru West (Kengeri) Zone 7,2018,12.928896873355454,77.48381348228955,16.65,723.84,-37.23,0.55,54.47,RESIDENTIAL,0.97,True,LOCAL_DENSE
BNG-WES-NODE-07,Bengaluru West (Kengeri) Zone 7,2019,12.927294086636874,77.48447324049874,26.78,793.25,60.91,0.89,91.76,RESIDENTIAL,0.97,True,LOCAL_DENSE
BNG-WES-NODE-07,Bengaluru West (Kengeri) Zone 7,2020,12.927640550618818,77.48381115715289,29.7,809.11,10.88,0.97,102.76,RESIDENTIAL,0.98,True,LOCAL_DENSE
BNG-WES-NODE-07,Bengaluru West (Kengeri) Zone 7,2021,12.928704480930731,77.48353579164721,38.27,848.82,28.85,1.0,135.63,RESIDENTIAL,0.98,True,LOCAL_DENSE
BNG-WES-NODE-07,Bengaluru West (Kengeri) Zone 7,2022,12.927851473295888,77.48391571524057,57.43,915.47,50.1,1.0,211.46,RESIDENTIAL,0.99,True,LOCAL_DENSE
BNG-WES-NODE-07,Bengaluru West (Kengeri) Zone 7,2023,12.928187239482467,77.4841796533104,20.16,751.56,-64.9,0.69,67.22,RESIDENTIAL,0.92,True,LOCAL_DENSE
BNG-WES-NODE-08,Bengaluru West (Kengeri) Zone 8,2000,12.949041094219448,77.48352377752785,8.4,1750.14,0.0,0.26,5.57,COMMERCIAL,0.95,True,LOCAL_DENSE
BNG-WES-NODE-08,Bengaluru West (Kengeri) Zone 8,2001,12.950451659461418,77.48251333086975,8.97,1772.12,6.7,0.3,5.98,COMMERCIAL,0.94,True,LOCAL_DENSE
BNG-WES-NODE-08,Bengaluru West (Kengeri) Zone 8,2002,12.949272968240262,77.48178286396181,8.61,1758.71,-3.95,0.27,5.72,COMMERCIAL,0.99,True,LOCAL_DENSE
BNG-WES-NODE-08,Bengaluru West (Kengeri) Zone 8,2003,12.949684709654715,77.48159697651606,9.89,1806.17,14.81,0.37,6.66,COMMERCIAL,0.99,True,LOCAL_DENSE
BNG-WES-NODE-08,Bengaluru West (Kengeri) Zone 8,2004,12.95037389770544,77.48162244039901,11.08,1845.52,12.04,0.46,7.54,COMMERCIAL,0.94,True,LOCAL_DENSE
BNG-WES-NODE-08,Bengaluru West (Kengeri) Zone 8,2005,12.950618701022522,77.48267902767681,12.01,1874.25,8.43,0.51,8.24,COMMERCIAL,0.96,True,LOCAL_DENSE
BNG-WES-NODE-08,Bengaluru West (Kengeri) Zone 8,2006,12.950511579980072,77.48167752620266,12.67,1893.71,5.46,0.55,8.73,COMMERCIAL,0.96,True,LOCAL_DENSE
BNG-WES-NODE-08,Bengaluru West (Kengeri) Zone 8,2007,12.94879705762709,77.48246313884178,13.22,1909.59,4.34,0.58,9.15,COMMERCIAL,0.96,True,LOCAL_DENSE
BNG-WES-NODE-08,Bengaluru West (Kengeri) Zone 8,2008,12.950557508736205,77.48268305163278,9.61,1797.28,-27.3,0.35,6.45,COMMERCIAL,0.98,True,LOCAL_DENSE
BNG-WES-NODE-08,Bengaluru West (Kengeri) Zone 8,2009,12.950240412444332,77.4833290958927,13.66,1922.72,42.09,0.6,9.48,COMMERCIAL,0.96,True,LOCAL_DENSE
BNG-WES-NODE-08,Bengaluru West (Kengeri) Zone 8,2010,12.949683749857028,77.48202789374544,15.7,1974.2,14.98,0.71,11.05,COMMERCIAL,0.92,True,LOCAL_DENSE
BNG-WES-NODE-08,Bengaluru West (Kengeri) Zone 8,2011,12.949747578778588,77.48224084655574,14.1,1935.61,-10.16,0.63,9.83,COMMERCIAL,0.93,True,LOCAL_DENSE
BNG-WES-NODE-08,Bengaluru West (Kengeri) Zone 8,2012,12.948724578387843,77.48323533442634,20.49,2075.76,45.3,0.9,14.79,SUBURBAN,0.98,True,LOCAL_DENSE
BNG-WES-NODE-08,Bengaluru West (Kengeri) Zone 8,2013,12.949416281443266,77.48319318782228,16.78,2001.04,-18.14,0.75,11.89,SUBURBAN,0.98,True,LOCAL_DENSE
BNG-WES-NODE-08,Bengaluru West (Kengeri) Zone 8,2014,12.948835694118927,77.48322007085605,11.33,1856.67,-32.44,0.47,7.74,COMMERCIAL,0.95,True,LOCAL_DENSE
BNG-WES-NODE-08,Bengaluru West (Kengeri) Zone 8,2015,12.948714568059055,77.48319807035898,92.89,2710.97,719.58,1.0,76.72,SUBURBAN,0.92,True,LOCAL_DENSE
BNG-WES-NODE-08,Bengaluru West (Kengeri) Zone 8,2016,12.950589118846239,77.48166299325932,20.59,2081.51,-77.83,0.9,14.88,SUBURBAN,0.97,True,LOCAL_DENSE
BNG-WES-NODE-08,Bengaluru West (Kengeri) Zone 8,2017,12.949064687739995,77.48271080054587,14.82,1956.09,-28.03,0.66,10.38,COMMERCIAL,0.91,True,LOCAL_DENSE
BNG-WES-NODE-08,Bengaluru West (Kengeri) Zone 8,2018,12.950264750986767,77.48159235377013,20.63,2083.57,39.2,0.9,14.92,SUBURBAN,0.92,True,LOCAL_DENSE
BNG-WES-NODE-08,Bengaluru West (Kengeri) Zone 8,2019,12.949641618381625,77.48334658830817,11.57,1864.59,-43.91,0.48,7.91,COMMERCIAL,0.9,True,LOCAL_DENSE
BNG-WES-NODE-08,Bengaluru West (Kengeri) Zone 8,2020,12.949353601703114,77.4819650209465,26.16,2179.85,126.04,1.0,19.35,SUBURBAN,0.94,True,LOCAL_DENSE
BNG-WES-NODE-08,Bengaluru West (Kengeri) Zone 8,2021,12.949263864061663,77.48165731736867,35.34,2306.15,35.13,1.0,26.89,SUBURBAN,0.9,True,LOCAL_DENSE
BNG-WES-NODE-08,Bengaluru West (Kengeri) Zone 8,2022,12.950337728895839,77.48348856072504,41.68,2378.42,17.91,1.0,32.21,SUBURBAN,0.97,True,LOCAL_DENSE
BNG-WES-NODE-08,Bengaluru West (Kengeri) Zone 8,2023,12.949712312993208,77.48306984290633,18.51,2043.0,-55.59,0.82,13.25,SUBURBAN,0.91,True,LOCAL_DENSE
BNG-WES-NODE-09,Bengaluru West (Kengeri) Zone 9,2000,12.948399559406406,77.49364833180728,9.41,495.29,0.0,0.24,42.04,RESIDENTIAL,0.95,True,LOCAL_DENSE
BNG-WES-NODE-09,Bengaluru West (Kengeri) Zone 9,2001,12.948028388294617,77.493034804123,10.09,502.03,7.3,0.29,45.41,RESIDENTIAL,0.96,True,LOCAL_DENSE
BNG-WES-NODE-09,Bengaluru West (Kengeri) Zone 9,2002,12.94705205452163,77.49375507084085,10.06,501.87,-0.3,0.29,45.27,RESIDENTIAL,0.9,True,LOCAL_DENSE
BNG-WES-NODE-09,Bengaluru West (Kengeri) Zone 9,2003,12.948629542217567,77.49414827247624,11.32,513.28,12.49,0.37,51.5,RESIDENTIAL,0.94,True,LOCAL_DENSE
BNG-WES-NODE-09,Bengaluru West (Kengeri) Zone 9,2004,12.947431324573776,77.4923164935031,11.96,518.77,5.65,0.41,54.69,RESIDENTIAL,0.93,True,LOCAL_DENSE
BNG-WES-NODE-09,Bengaluru West (Kengeri) Zone 9,2005,12.94749424671105,77.49275424082653,10.51,506.31,-12.06,0.32,47.51,RESIDENTIAL,0.97,True,LOCAL_DENSE
BNG-WES-NODE-09,Bengaluru West (Kengeri) Zone 9,2006,12.948878613717465,77.49360834417611,10.37,504.98,-1.35,0.31,46.81,RESIDENTIAL,0.98,True,LOCAL_DENSE
BNG-WES-NODE-09,Bengaluru West (Kengeri) Zone 9,2007,12.948293868803207,77.49365038656184,12.65,524.77,21.98,0.45,58.21,RESIDENTIAL,0.95,True,LOCAL_DENSE
BNG-WES-NODE-09,Bengaluru West (Kengeri) Zone 9,2008,12.948026763002565,77.49231396077388,12.43,523.08,-1.77,0.44,57.08,RESIDENTIAL,0.96,True,LOCAL_DENSE
BNG-WES-NODE-09,Bengaluru West (Kengeri) Zone 9,2009,12.947028565928257,77.49348620787265,14.49,538.71,16.62,0.55,67.56,RESIDENTIAL,0.95,True,LOCAL_DENSE
BNG-WES-NODE-09,Bengaluru West (Kengeri) Zone 9,2010,12.948406560719292,77.49410745176684,14.36,537.86,-0.96,0.54,66.86,RESIDENTIAL,0.95,True,LOCAL_DENSE
BNG-WES-NODE-09,Bengaluru West (Kengeri) Zone 9,2011,12.947330261043044,77.49357106137123,15.69,547.11,9.28,0.6,73.7,RESIDENTIAL,0.91,True,LOCAL_DENSE
BNG-WES-NODE-09,Bengaluru West (Kengeri) Zone 9,2012,12.947405323752971,77.49372110754318,12.05,520.12,-23.2,0.41,55.18,RESIDENTIAL,0.97,True,LOCAL_DENSE
BNG-WES-NODE-09,Bengaluru West (Kengeri) Zone 9,2013,12.9489986384029,77.49399735648544,24.78,596.16,105.68,0.94,121.54,RESIDENTIAL,0.95,True,LOCAL_DENSE
BNG-WES-NODE-09,Bengaluru West (Kengeri) Zone 9,2014,12.947041929495072,77.4940651823971,27.61,608.47,11.43,1.0,136.84,RESIDENTIAL,0.96,True,LOCAL_DENSE
BNG-WES-NODE-09,Bengaluru West (Kengeri) Zone 9,2015,12.947362296061714,77.49287119459017,16.29,551.47,-41.02,0.63,76.82,RESIDENTIAL,0.9,True,LOCAL_DENSE
BNG-WES-NODE-09,Bengaluru West (Kengeri) Zone 9,2016,12.948328898030832,77.49412730728814,31.96,625.76,96.26,1.0,160.64,RESIDENTIAL,0.98,True,LOCAL_DENSE
BNG-WES-NODE-09,Bengaluru West (Kengeri) Zone 9,2017,12.948130580300502,77.49301741407768,34.67,635.53,8.46,1.0,175.6,RESIDENTIAL,0.98,True,LOCAL_DENSE
BNG-WES-NODE-09,Bengaluru West (Kengeri) Zone 9,2018,12.948709111316257,77.49414698630657,27.82,610.58,-19.75,1.0,138.1,RESIDENTIAL,0.94,True,LOCAL_DENSE
BNG-WES-NODE-09,Bengaluru West (Kengeri) Zone 9,2019,12.948597729889228,77.49330673902071,14.64,540.43,-47.39,0.55,68.34,RESIDENTIAL,0.91,True,LOCAL_DENSE
BNG-WES-NODE-09,Bengaluru West (Kengeri) Zone 9,2020,12.9476120237832,77.49311038864381,34.45,635.86,135.36,1.0,174.53,RESIDENTIAL,0.98,True,LOCAL_DENSE
BNG-WES-NODE-09,Bengaluru West (Kengeri) Zone 9,2021,12.947879454226316,77.49254746544494,20.98,579.37,-39.11,0.81,101.41,RESIDENTIAL,0.94,True,LOCAL_DENSE
BNG-WES-NODE-09,Bengaluru West (Kengeri) Zone 9,2022,12.948300165428913,77.4941619877636,33.64,633.58,60.36,1.0,170.09,RESIDENTIAL,0.93,True,LOCAL_DENSE
BNG-WES-NODE-09,Bengaluru West (Kengeri) Zone 9,2023,12.94705382568929,77.49350491179372,49.27,680.27,46.47,1.0,258.21,RESIDENTIAL,0.9,True,LOCAL_DENSE
BNG-WES-NODE-10,Bengaluru West (Kengeri) Zone 10,2000,12.910606497892132,77.48333117015686,2.04,9014.1,0.0,0.27,48.84,URBAN,0.96,True,LOCAL_DENSE
BNG-WES-NODE-10,Bengaluru West (Kengeri) Zone 10,2001,12.90937821921509,77.483953388888,2.14,9096.05,4.76,0.31,51.4,URBAN,0.98,True,LOCAL_DENSE
BNG-WES-NODE-10,Bengaluru West (Kengeri) Zone 10,2002,12.910838394723827,77.48396912702694,2.12,9082.4,-0.83,0.3,50.93,URBAN,0.91,True,LOCAL_DENSE
BNG-WES-NODE-10,Bengaluru West (Kengeri) Zone 10,2003,12.910476959078443,77.48307255396455,2.32,9236.51,9.06,0.36,56.02,URBAN,0.93,True,LOCAL_DENSE
BNG-WES-NODE-10,Bengaluru West (Kengeri) Zone 10,2004,12.909809278960887,77.48304117295274,2.37,9279.66,2.38,0.38,57.49,URBAN,0.98,True,LOCAL_DENSE
BNG-WES-NODE-10,Bengaluru West (Kengeri) Zone 10,2005,12.9109624605714,77.48459043932858,2.34,9260.8,-1.11,0.37,56.79,URBAN,0.94,True,LOCAL_DENSE
BNG-WES-NODE-10,Bengaluru West (Kengeri) Zone 10,2006,12.909414900655017,77.48397424772516,3.13,9780.47,33.41,0.58,77.87,URBAN,0.98,True,LOCAL_DENSE
BNG-WES-NODE-10,Bengaluru West (Kengeri) Zone 10,2007,12.909844360180868,77.48324836674581,2.94,9675.21,-5.87,0.54,72.9,URBAN,0.9,True,LOCAL_DENSE
BNG-WES-NODE-10,Bengaluru West (Kengeri) Zone 10,2008,12.909291908854412,77.48341343160608,3.67,10084.09,24.69,0.7,92.81,URBAN,0.92,True,LOCAL_DENSE
BNG-WES-NODE-10,Bengaluru West (Kengeri) Zone 10,2009,12.909702245138561,77.48415674747719,2.33,9248.02,-36.65,0.37,56.3,URBAN,0.98,True,LOCAL_DENSE
BNG-WES-NODE-10,Bengaluru West (Kengeri) Zone 10,2010,12.910718375178362,77.48334777949515,3.18,9823.74,36.66,0.59,79.3,URBAN,0.99,True,LOCAL_DENSE
BNG-WES-NODE-10,Bengaluru West (Kengeri) Zone 10,2011,12.909616751353912,77.48366621109068,13.01,12607.93,309.33,1.0,368.16,URBAN,0.92,True,LOCAL_DENSE
BNG-WES-NODE-10,Bengaluru West (Kengeri) Zone 10,2012,12.91108359806287,77.4840252861203,3.17,9823.86,-75.62,0.59,79.15,URBAN,0.92,True,LOCAL_DENSE
BNG-WES-NODE-10,Bengaluru West (Kengeri) Zone 10,2013,12.909695348682876,77.48446008508111,3.14,9807.77,-0.92,0.58,78.35,URBAN,0.96,True,LOCAL_DENSE
BNG-WES-NODE-10,Bengaluru West (Kengeri) Zone 10,2014,12.910846534801735,77.48445477911129,4.87,10657.36,55.02,0.9,126.64,URBAN,0.99,True,LOCAL_DENSE
BNG-WES-NODE-10,Bengaluru West (Kengeri) Zone 10,2015,12.910415598145455,77.48441721519212,3.26,9877.11,-33.17,0.61,81.46,URBAN,0.91,True,LOCAL_DENSE
BNG-WES-NODE-10,Bengaluru West (Kengeri) Zone 10,2016,12.909608901556602,77.48448652677881,2.97,9705.9,-8.68,0.54,73.74,URBAN,0.97,True,LOCAL_DENSE
BNG-WES-NODE-10,Bengaluru West (Kengeri) Zone 10,2017,12.90974377141725,77.48459308608,5.4,10874.95,81.45,0.97,141.66,URBAN,0.97,True,LOCAL_DENSE
BNG-WES-NODE-10,Bengaluru West (Kengeri) Zone 10,2018,12.91039200739558,77.48486036932624,6.23,11174.39,15.45,1.0,165.79,URBAN,0.91,True,LOCAL_DENSE
BNG-WES-NODE-10,Bengaluru West (Kengeri) Zone 10,2019,12.910598393436773,77.48483552026349,4.23,10390.82,-32.11,0.79,108.51,URBAN,0.96,True,LOCAL_DENSE
BNG-WES-NODE-10,Bengaluru West (Kengeri) Zone 10,2020,12.91000022295149,77.48361803228346,6.46,11258.08,52.66,1.0,172.46,URBAN,0.96,True,LOCAL_DENSE
BNG-WES-NODE-10,Bengaluru West (Kengeri) Zone 10,2021,12.909471924595115,77.4830799899813,9.25,12038.62,43.26,1.0,255.55,URBAN,0.94,True,LOCAL_DENSE
BNG-WES-NODE-10,Bengaluru West (Kengeri) Zone 10,2022,12.909268009169763,77.4833674271734,13.48,12902.13,45.74,1.0,385.65,URBAN,0.93,True,LOCAL_DENSE
BNG-WES-NODE-10,Bengaluru West (Kengeri) Zone 10,2023,12.910910149761529,77.48366804593603,7.03,11451.7,-47.83,1.0,189.46,URBAN,0.96,True,LOCAL_DENSE
BNG-WES-NODE-11,Bengaluru West (Kengeri) Zone 11,2000,12.905274146098826,77.46711539880276,5.57,2157.52,0.0,0.18,30.86,INDUSTRIAL,0.96,True,LOCAL_DENSE
BNG-WES-NODE-11,Bengaluru West (Kengeri) Zone 11,2001,12.905129502668467,77.46653162878147,5.88,2179.76,5.43,0.21,32.7,INDUSTRIAL,0.97,True,LOCAL_DENSE
BNG-WES-NODE-11,Bengaluru West (Kengeri) Zone 11,2002,12.904338627551827,77.467522149276,5.77,2172.38,-1.81,0.2,32.06,INDUSTRIAL,0.92,True,LOCAL_DENSE
BNG-WES-NODE-11,Bengaluru West (Kengeri) Zone 11,2003,12.904736774412168,77.4665457389364,6.93,2249.53,20.12,0.33,39.19,INDUSTRIAL,0.95,True,LOCAL_DENSE
BNG-WES-NODE-11,Bengaluru West (Kengeri) Zone 11,2004,12.903543233312705,77.46741901917515,6.1,2196.19,-12.01,0.24,34.06,INDUSTRIAL,0.97,True,LOCAL_DENSE
BNG-WES-NODE-11,Bengaluru West (Kengeri) Zone 11,2005,12.903531105034567,77.46693198203238,7.05,2258.73,15.69,0.35,39.97,INDUSTRIAL,0.96,True,LOCAL_DENSE
BNG-WES-NODE-11,Bengaluru West (Kengeri) Zone 11,2006,12.904577827686412,77.46694458284317,6.12,2197.73,-13.29,0.24,34.18,INDUSTRIAL,0.97,True,LOCAL_DENSE
BNG-WES-NODE-11,Bengaluru West (Kengeri) Zone 11,2007,12.904970979948944,77.46771550471476,6.68,2235.91,9.2,0.31,37.65,INDUSTRIAL,0.98,True,LOCAL_DENSE
BNG-WES-NODE-11,Bengaluru West (Kengeri) Zone 11,2008,12.90436359202387,77.4668500776291,7.23,2270.55,8.23,0.36,41.07,INDUSTRIAL,0.91,True,LOCAL_DENSE
BNG-WES-NODE-11,Bengaluru West (Kengeri) Zone 11,2009,12.903842989153887,77.46823670438081,6.67,2235.44,-7.76,0.3,37.59,INDUSTRIAL,0.99,True,LOCAL_DENSE
BNG-WES-NODE-11,Bengaluru West (Kengeri) Zone 11,2010,12.903976147401552,77.46833322305527,18.79,2705.44,181.76,1.0,116.57,INDUSTRIAL,0.97,True,LOCAL_DENSE
BNG-WES-NODE-11,Bengaluru West (Kengeri) Zone 11,2011,12.904278130136085,77.46744017726054,6.55,2227.88,-65.13,0.29,36.87,INDUSTRIAL,0.9,True,LOCAL_DENSE
BNG-WES-NODE-11,Bengaluru West (Kengeri) Zone 11,2012,12.903606339799406,77.46687086180503,7.77,2303.26,18.58,0.41,44.45,INDUSTRIAL,0.94,True,LOCAL_DENSE
BNG-WES-NODE-11,Bengaluru West (Kengeri) Zone 11,2013,12.90516968310255,77.46730661460366,7.05,2260.39,-9.23,0.34,39.97,INDUSTRIAL,0.94,True,LOCAL_DENSE
BNG-WES-NODE-11,Bengaluru West (Kengeri) Zone 11,2014,12.905024660085948,77.46781349882262,15.76,2632.33,123.42,0.93,96.39,INDUSTRIAL,0.9,True,LOCAL_DENSE
BNG-WES-NODE-11,Bengaluru West (Kengeri) Zone 11,2015,12.904653456112458,77.46816948146586,50.89,3237.23,223.02,1.0,345.65,INDUSTRIAL,0.95,True,LOCAL_DENSE
BNG-WES-NODE-11,Bengaluru West (Kengeri) Zone 11,2016,12.903355694246589,77.46715459145017,18.3,2708.85,-64.04,1.0,113.59,INDUSTRIAL,0.97,True,LOCAL_DENSE
BNG-WES-NODE-11,Bengaluru West (Kengeri) Zone 11,2017,12.903436947605602,77.46683339880147,14.82,2606.39,-19.04,0.88,90.2,INDUSTRIAL,0.93,True,LOCAL_DENSE
BNG-WES-NODE-11,Bengaluru West (Kengeri) Zone 11,2018,12.905010092095507,77.46797082534397,16.93,2673.14,14.29,0.98,104.41,INDUSTRIAL,0.94,True,LOCAL_DENSE
BNG-WES-NODE-11,Bengaluru West (Kengeri) Zone 11,2019,12.90425808761296,77.46673220300714,8.28,2332.97,-51.11,0.46,47.67,INDUSTRIAL,0.92,True,LOCAL_DENSE
BNG-WES-NODE-11,Bengaluru West (Kengeri) Zone 11,2020,12.903648079992603,77.46755053424438,9.8,2410.88,18.39,0.58,57.37,INDUSTRIAL,0.91,True,LOCAL_DENSE
BNG-WES-NODE-11,Bengaluru West (Kengeri) Zone 11,2021,12.90346373876696,77.46833804089124,9.79,2410.72,-0.08,0.58,57.32,INDUSTRIAL,0.94,True,LOCAL_DENSE
BNG-WES-NODE-11,Bengaluru West (Kengeri) Zone 11,2022,12.903704584532903,77.46652241028092,7.8,2306.44,-20.31,0.41,44.68,INDUSTRIAL,0.97,True,LOCAL_DENSE
BNG-WES-NODE-11,Bengaluru West (Kengeri) Zone 11,2023,12.905013288759179,77.4675123902315,10.92,2462.56,39.94,0.65,64.61,INDUSTRIAL,0.94,True,LOCAL_DENSE
BNG-WES-NODE-12,Bengaluru West (Kengeri) Zone 12,2000,12.898900987071109,77.4918988643791,14.76,1303.11,0.0,0.37,36.77,COMMERCIAL,0.95,True,LOCAL_DENSE
BNG-WES-NODE-12,Bengaluru West (Kengeri) Zone 12,2001,12.89811667894689,77.49234288955823,17.29,1341.18,17.11,0.49,43.69,COMMERCIAL,0.9,True,LOCAL_DENSE
BNG-WES-NODE-12,Bengaluru West (Kengeri) Zone 12,2002,12.897882481962899,77.49178914956568,15.33,1312.78,-11.35,0.4,38.31,COMMERCIAL,0.93,True,LOCAL_DENSE
BNG-WES-NODE-12,Bengaluru West (Kengeri) Zone 12,2003,12.898099066626159,77.49110397243143,16.65,1334.04,8.63,0.46,41.95,COMMERCIAL,0.99,True,LOCAL_DENSE
BNG-WES-NODE-12,Bengaluru West (Kengeri) Zone 12,2004,12.897712922516083,77.49237366340822,15.82,1321.07,-4.97,0.42,39.67,COMMERCIAL,0.94,True,LOCAL_DENSE
BNG-WES-NODE-12,Bengaluru West (Kengeri) Zone 12,2005,12.898418926554307,77.49232390009642,18.06,1355.4,14.15,0.51,45.87,COMMERCIAL,0.98,True,LOCAL_DENSE
BNG-WES-NODE-12,Bengaluru West (Kengeri) Zone 12,2006,12.89780244882683,77.4909912288129,17.81,1351.99,-1.38,0.5,45.18,COMMERCIAL,0.97,True,LOCAL_DENSE
BNG-WES-NODE-12,Bengaluru West (Kengeri) Zone 12,2007,12.899298218517623,77.4912971262188,19.57,1376.82,9.88,0.57,50.1,COMMERCIAL,0.97,True,LOCAL_DENSE
BNG-WES-NODE-12,Bengaluru West (Kengeri) Zone 12,2008,12.898641331891401,77.49069608937633,22.89,1418.56,16.96,0.68,59.48,COMMERCIAL,0.98,True,LOCAL_DENSE
BNG-WES-NODE-12,Bengaluru West (Kengeri) Zone 12,2009,12.899451557900601,77.49152674594808,18.81,1366.71,-17.83,0.54,47.97,COMMERCIAL,0.95,True,LOCAL_DENSE
BNG-WES-NODE-12,Bengaluru West (Kengeri) Zone 12,2010,12.898476053327336,77.49251664605251,22.88,1419.27,21.66,0.68,59.48,COMMERCIAL,0.97,True,LOCAL_DENSE
BNG-WES-NODE-12,Bengaluru West (Kengeri) Zone 12,2011,12.898823522018878,77.49091821203275,23.74,1429.57,3.76,0.71,61.94,COMMERCIAL,0.96,True,LOCAL_DENSE
BNG-WES-NODE-12,Bengaluru West (Kengeri) Zone 12,2012,12.899224078994127,77.49186160211767,18.87,1367.87,-20.52,0.54,48.15,COMMERCIAL,0.93,True,LOCAL_DENSE
BNG-WES-NODE-12,Bengaluru West (Kengeri) Zone 12,2013,12.898519913194347,77.49169546535879,25.62,1450.98,35.75,0.76,67.33,COMMERCIAL,0.91,True,LOCAL_DENSE
BNG-WES-NODE-12,Bengaluru West (Kengeri) Zone 12,2014,12.898455474882942,77.49066342778723,22.4,1414.34,-12.56,0.67,58.12,COMMERCIAL,0.98,True,LOCAL_DENSE
BNG-WES-NODE-12,Bengaluru West (Kengeri) Zone 12,2015,12.899249141936961,77.49208011523054,48.23,1633.49,115.33,1.0,134.55,COMMERCIAL,0.93,True,LOCAL_DENSE
BNG-WES-NODE-12,Bengaluru West (Kengeri) Zone 12,2016,12.898002969285585,77.49105963128845,31.7,1511.77,-34.29,0.92,85.04,COMMERCIAL,0.93,True,LOCAL_DENSE
BNG-WES-NODE-12,Bengaluru West (Kengeri) Zone 12,2017,12.898440812070703,77.49101463245188,24.58,1440.34,-22.46,0.73,64.35,COMMERCIAL,0.91,True,LOCAL_DENSE
BNG-WES-NODE-12,Bengaluru West (Kengeri) Zone 12,2018,12.899191484103808,77.49237723404484,24.36,1438.06,-0.87,0.72,63.74,COMMERCIAL,0.93,True,LOCAL_DENSE
BNG-WES-NODE-12,Bengaluru West (Kengeri) Zone 12,2019,12.899100472136896,77.49081108827642,31.43,1510.36,29.01,0.91,84.28,COMMERCIAL,0.9,True,LOCAL_DENSE
BNG-WES-NODE-12,Bengaluru West (Kengeri) Zone 12,2020,12.899362972195012,77.49234383624719,44.28,1611.86,40.89,1.0,122.69,COMMERCIAL,0.96,True,LOCAL_DENSE
BNG-WES-NODE-12,Bengaluru West (Kengeri) Zone 12,2021,12.897952326510454,77.49183092557918,69.76,1754.22,57.54,1.0,201.69,COMMERCIAL,0.98,True,LOCAL_DENSE
BNG-WES-NODE-12,Bengaluru West (Kengeri) Zone 12,2022,12.898804069993599,77.49249966064858,22.35,1414.5,-67.96,0.66,58.0,COMMERCIAL,0.9,True,LOCAL_DENSE
BNG-WES-NODE-12,Bengaluru West (Kengeri) Zone 12,2023,12.897783268356502,77.49077436298093,46.04,1625.24,106.01,1.0,128.1,COMMERCIAL,0.93,True,LOCAL_DENSE
BNG-WES-NODE-13,Bengaluru West (Kengeri) Zone 13,2000,12.910674210766457,77.45102852730106,14.8,543.5,0.0,0.34,28.16,RESIDENTIAL,0.96,True,LOCAL_DENSE
BNG-WES-NODE-13,Bengaluru West (Kengeri) Zone 13,2001,12.911660631275254,77.45124354516368,15.47,548.21,4.53,0.37,29.57,RESIDENTIAL,0.93,True,LOCAL_DENSE
BNG-WES-NODE-13,Bengaluru West (Kengeri) Zone 13,2002,12.911469280669573,77.45202185085851,15.12,545.78,-2.3,0.35,28.82,RESIDENTIAL,0.91,True,LOCAL_DENSE
BNG-WES-NODE-13,Bengaluru West (Kengeri) Zone 13,2003,12.912213748793356,77.45206867424481,17.09,558.87,13.03,0.44,32.97,RESIDENTIAL,0.92,True,LOCAL_DENSE
BNG-WES-NODE-13,Bengaluru West (Kengeri) Zone 13,2004,12.911087672918399,77.45202650966685,17.62,562.28,3.13,0.46,34.1,RESIDENTIAL,0.97,True,LOCAL_DENSE
BNG-WES-NODE-13,Bengaluru West (Kengeri) Zone 13,2005,12.911308066048973,77.45214405174944,15.73,550.07,-10.75,0.38,30.1,RESIDENTIAL,0.98,True,LOCAL_DENSE
BNG-WES-NODE-13,Bengaluru West (Kengeri) Zone 13,2006,12.911120965465791,77.45216292286362,19.31,572.37,22.78,0.53,37.7,RESIDENTIAL,0.93,True,LOCAL_DENSE
BNG-WES-NODE-13,Bengaluru West (Kengeri) Zone 13,2007,12.911540032815088,77.45097492443604,19.42,573.12,0.58,0.53,37.94,RESIDENTIAL,0.94,True,LOCAL_DENSE
BNG-WES-NODE-13,Bengaluru West (Kengeri) Zone 13,2008,12.910281497492253,77.45110395089014,23.43,593.96,20.66,0.67,46.61,RESIDENTIAL,0.97,True,LOCAL_DENSE
BNG-WES-NODE-13,Bengaluru West (Kengeri) Zone 13,2009,12.911437528550096,77.4515628493374,25.37,603.06,8.27,0.73,50.85,RESIDENTIAL,0.95,True,LOCAL_DENSE
BNG-WES-NODE-13,Bengaluru West (Kengeri) Zone 13,2010,12.91122308388597,77.4523961702645,26.6,608.65,4.85,0.76,53.57,RESIDENTIAL,0.98,True,LOCAL_DENSE
BNG-WES-NODE-13,Bengaluru West (Kengeri) Zone 13,2011,12.910443657058908,77.45172135837643,28.36,616.21,6.62,0.81,57.47,RESIDENTIAL,0.96,True,LOCAL_DENSE
BNG-WES-NODE-13,Bengaluru West (Kengeri) Zone 13,2012,12.911918969089296,77.452039110396,31.21,627.54,10.04,0.88,63.81,RESIDENTIAL,0.99,True,LOCAL_DENSE
BNG-WES-NODE-13,Bengaluru West (Kengeri) Zone 13,2013,12.910363301460341,77.45219157340715,36.45,646.14,16.8,0.99,75.64,RESIDENTIAL,0.91,True,LOCAL_DENSE
BNG-WES-NODE-13,Bengaluru West (Kengeri) Zone 13,2014,12.910554986294208,77.4515802301017,31.95,630.79,-12.35,0.89,65.5,RESIDENTIAL,0.92,True,LOCAL_DENSE
BNG-WES-NODE-13,Bengaluru West (Kengeri) Zone 13,2015,12.91174946403656,77.45192388325103,19.87,576.1,-37.8,0.55,38.93,RESIDENTIAL,0.96,True,LOCAL_DENSE
BNG-WES-NODE-13,Bengaluru West (Kengeri) Zone 13,2016,12.911720827521084,77.45239088503935,42.89,666.85,115.8,1.0,90.42,RESIDENTIAL,0.91,True,LOCAL_DENSE
BNG-WES-NODE-13,Bengaluru West (Kengeri) Zone 13,2017,12.911940773846505,77.45188437270977,44.11,670.65,2.85,1.0,93.26,RESIDENTIAL,0.92,True,LOCAL_DENSE
BNG-WES-NODE-13,Bengaluru West (Kengeri) Zone 13,2018,12.91200892401804,77.45119103315757,33.75,638.06,-23.49,0.93,69.59,RESIDENTIAL,0.97,True,LOCAL_DENSE
BNG-WES-NODE-13,Bengaluru West (Kengeri) Zone 13,2019,12.910644745045047,77.4506658344499,61.97,714.72,83.6,1.0,135.27,RESIDENTIAL,0.92,True,LOCAL_DENSE
BNG-WES-NODE-13,Bengaluru West (Kengeri) Zone 13,2020,12.91099891538004,77.45143906868225,68.14,727.7,9.96,1.0,150.09,RESIDENTIAL,0.96,True,LOCAL_DENSE
BNG-WES-NODE-13,Bengaluru West (Kengeri) Zone 13,2021,12.911914332095646,77.45143351087918,110.48,794.68,62.13,1.0,254.39,RESIDENTIAL,0.98,True,LOCAL_DENSE
BNG-WES-NODE-13,Bengaluru West (Kengeri) Zone 13,2022,12.911953332193152,77.45060356421456,53.54,696.71,-51.54,1.0,115.37,RESIDENTIAL,0.9,True,LOCAL_DENSE
BNG-WES-NODE-13,Bengaluru West (Kengeri) Zone 13,2023,12.911817015174444,77.45185783160281,23.2,593.98,-56.67,0.66,46.14,RESIDENTIAL,0.96,True,LOCAL_DENSE
BNG-WES-NODE-14,Bengaluru West (Kengeri) Zone 14,2000,12.90893973982025,77.50890142058977,8.44,2089.62,0.0,0.45,6.34,SUBURBAN,0.96,True,LOCAL_DENSE
BNG-WES-NODE-14,Bengaluru West (Kengeri) Zone 14,2001,12.909207364907859,77.50988720675367,8.6,2097.37,1.89,0.47,6.48,SUBURBAN,0.94,True,LOCAL_DENSE
BNG-WES-NODE-14,Bengaluru West (Kengeri) Zone 14,2002,12.909244681583326,77.50917260530709,9.78,2149.31,13.7,0.56,7.45,SUBURBAN,0.96,True,LOCAL_DENSE
BNG-WES-NODE-14,Bengaluru West (Kengeri) Zone 14,2003,12.909685090964416,77.50941687759718,10.4,2175.21,6.41,0.61,7.98,SUBURBAN,0.9,True,LOCAL_DENSE
BNG-WES-NODE-14,Bengaluru West (Kengeri) Zone 14,2004,12.908885092175096,77.5104254739262,10.74,2189.22,3.26,0.63,8.27,SUBURBAN,0.95,True,LOCAL_DENSE
BNG-WES-NODE-14,Bengaluru West (Kengeri) Zone 14,2005,12.910333191110832,77.51021934914817,10.51,2180.82,-2.18,0.61,8.07,SUBURBAN,0.94,True,LOCAL_DENSE
BNG-WES-NODE-14,Bengaluru West (Kengeri) Zone 14,2006,12.909594479772743,77.50989000422986,12.03,2237.58,14.46,0.71,9.36,SUBURBAN,0.98,True,LOCAL_DENSE
BNG-WES-NODE-14,Bengaluru West (Kengeri) Zone 14,2007,12.909112227707308,77.50912414570627,12.85,2266.16,6.82,0.76,10.06,SUBURBAN,0.9,True,LOCAL_DENSE
BNG-WES-NODE-14,Bengaluru West (Kengeri) Zone 14,2008,12.910437051735608,77.50972165620234,11.79,2230.55,-8.21,0.69,9.16,SUBURBAN,0.93,True,LOCAL_DENSE
BNG-WES-NODE-14,Bengaluru West (Kengeri) Zone 14,2009,12.909651528285874,77.51019921297782,16.54,2376.76,40.27,0.94,13.26,SUBURBAN,0.91,True,LOCAL_DENSE
BNG-WES-NODE-14,Bengaluru West (Kengeri) Zone 14,2010,12.910445001432338,77.50915507267338,17.55,2404.2,6.11,0.99,14.16,SUBURBAN,0.96,True,LOCAL_DENSE
BNG-WES-NODE-14,Bengaluru West (Kengeri) Zone 14,2011,12.908962848717403,77.51041404514008,15.05,2337.54,-14.26,0.87,11.97,SUBURBAN,0.94,True,LOCAL_DENSE
BNG-WES-NODE-14,Bengaluru West (Kengeri) Zone 14,2012,12.908871902428196,77.50858339604295,19.06,2443.7,26.67,1.0,15.5,SUBURBAN,0.96,True,LOCAL_DENSE
BNG-WES-NODE-14,Bengaluru West (Kengeri) Zone 14,2013,12.908601431758147,77.50996295378937,17.47,2405.49,-8.35,0.98,14.09,SUBURBAN,0.93,True,LOCAL_DENSE
BNG-WES-NODE-14,Bengaluru West (Kengeri) Zone 14,2014,12.909317719815595,77.50908948774233,11.36,2216.09,-34.95,0.66,8.8,SUBURBAN,0.97,True,LOCAL_DENSE
BNG-WES-NODE-14,Bengaluru West (Kengeri) Zone 14,2015,12.910251436706536,77.50911534959116,23.73,2548.44,108.83,1.0,19.71,SUBURBAN,0.94,True,LOCAL_DENSE
BNG-WES-NODE-14,Bengaluru West (Kengeri) Zone 14,2016,12.910369432146906,77.50856744796954,11.82,2233.32,-50.2,0.69,9.18,SUBURBAN,0.97,True,LOCAL_DENSE
BNG-WES-NODE-14,Bengaluru West (Kengeri) Zone 14,2017,12.909112738272176,77.509952943343,13.13,2279.74,11.12,0.77,10.31,SUBURBAN,0.99,True,LOCAL_DENSE
BNG-WES-NODE-14,Bengaluru West (Kengeri) Zone 14,2018,12.909152896892946,77.50896281865909,32.8,2709.12,149.76,1.0,28.09,SUBURBAN,0.95,True,LOCAL_DENSE
BNG-WES-NODE-14,Bengaluru West (Kengeri) Zone 14,2019,12.908956339321017,77.5098787066047,13.78,2301.47,-57.99,0.8,10.87,SUBURBAN,0.94,True,LOCAL_DENSE
BNG-WES-NODE-14,Bengaluru West (Kengeri) Zone 14,2020,12.909687027364717,77.50932927889258,35.29,2749.02,156.1,1.0,30.44,SUBURBAN,0.94,True,LOCAL_DENSE
BNG-WES-NODE-14,Bengaluru West (Kengeri) Zone 14,2021,12.909609834169316,77.5096639482307,32.61,2710.73,-7.58,1.0,27.93,SUBURBAN,0.92,True,LOCAL_DENSE
BNG-WES-NODE-14,Bengaluru West (Kengeri) Zone 14,2022,12.908730917781707,77.50951346233835,15.49,2354.84,-52.5,0.89,12.36,SUBURBAN,0.97,True,LOCAL_DENSE
BNG-WES-NODE-14,Bengaluru West (Kengeri) Zone 14,2023,12.908768227008515,77.50961862176011,13.43,2290.52,-13.31,0.78,10.57,SUBURBAN,0.91,True,LOCAL_DENSE
BNG-WES-NODE-15,Bengaluru West (Kengeri) Zone 15,2000,12.879108826639351,77.4918495263749,13.03,1016.44,0.0,0.44,36.15,COMMERCIAL,0.92,True,LOCAL_DENSE
BNG-WES-NODE-15,Bengaluru West (Kengeri) Zone 15,2001,12.879620347651521,77.49165704423197,13.53,1023.93,3.82,0.46,37.67,COMMERCIAL,0.9,True,LOCAL_DENSE
BNG-WES-NODE-15,Bengaluru West (Kengeri) Zone 15,2002,12.87841858330633,77.49259027012833,14.47,1037.35,6.98,0.51,40.56,COMMERCIAL,0.91,True,LOCAL_DENSE
BNG-WES-NODE-15,Bengaluru West (Kengeri) Zone 15,2003,12.878558944357716,77.49288134322009,16.14,1058.97,11.49,0.59,45.69,COMMERCIAL,0.99,True,LOCAL_DENSE
BNG-WES-NODE-15,Bengaluru West (Kengeri) Zone 15,2004,12.878907832357767,77.4930514154183,15.74,1054.49,-2.45,0.57,44.48,COMMERCIAL,0.95,True,LOCAL_DENSE
BNG-WES-NODE-15,Bengaluru West (Kengeri) Zone 15,2005,12.879674552974675,77.49299958633658,18.88,1091.16,19.92,0.7,54.26,COMMERCIAL,0.94,True,LOCAL_DENSE
BNG-WES-NODE-15,Bengaluru West (Kengeri) Zone 15,2006,12.879018690627447,77.4918162505479,17.76,1079.37,-5.91,0.66,50.78,COMMERCIAL,0.95,True,LOCAL_DENSE
BNG-WES-NODE-15,Bengaluru West (Kengeri) Zone 15,2007,12.878919662986231,77.49217047263723,19.06,1094.09,7.3,0.71,54.85,COMMERCIAL,0.93,True,LOCAL_DENSE
BNG-WES-NODE-15,Bengaluru West (Kengeri) Zone 15,2008,12.878481526355584,77.49149092542433,23.95,1141.9,25.69,0.88,70.44,COMMERCIAL,0.98,True,LOCAL_DENSE
BNG-WES-NODE-15,Bengaluru West (Kengeri) Zone 15,2009,12.87919394756471,77.49160953977349,24.82,1150.08,3.63,0.9,73.26,COMMERCIAL,0.96,True,LOCAL_DENSE
BNG-WES-NODE-15,Bengaluru West (Kengeri) Zone 15,2010,12.878587850509243,77.4931481367581,25.44,1155.95,2.5,0.92,75.28,COMMERCIAL,0.97,True,LOCAL_DENSE
BNG-WES-NODE-15,Bengaluru West (Kengeri) Zone 15,2011,12.87962370482463,77.4932567633125,16.66,1066.91,-34.53,0.61,47.34,COMMERCIAL,0.96,True,LOCAL_DENSE
BNG-WES-NODE-15,Bengaluru West (Kengeri) Zone 15,2012,12.878602879402434,77.49185011134023,18.83,1092.62,13.03,0.7,54.15,COMMERCIAL,0.95,True,LOCAL_DENSE
BNG-WES-NODE-15,Bengaluru West (Kengeri) Zone 15,2013,12.8785686056801,77.4924489777482,23.95,1144.17,27.19,0.87,70.49,COMMERCIAL,0.91,True,LOCAL_DENSE
BNG-WES-NODE-15,Bengaluru West (Kengeri) Zone 15,2014,12.878893913955661,77.491439665922,21.77,1123.79,-9.11,0.8,63.5,COMMERCIAL,0.97,True,LOCAL_DENSE
BNG-WES-NODE-15,Bengaluru West (Kengeri) Zone 15,2015,12.877942775672512,77.49144753535339,33.89,1221.88,55.7,1.0,103.11,COMMERCIAL,0.93,True,LOCAL_DENSE
BNG-WES-NODE-15,Bengaluru West (Kengeri) Zone 15,2016,12.877789896083732,77.4927050222626,17.79,1080.95,-47.51,0.66,50.89,COMMERCIAL,0.94,True,LOCAL_DENSE
BNG-WES-NODE-15,Bengaluru West (Kengeri) Zone 15,2017,12.879563650737685,77.49143688415779,16.83,1069.33,-5.39,0.62,47.89,COMMERCIAL,0.92,True,LOCAL_DENSE
BNG-WES-NODE-15,Bengaluru West (Kengeri) Zone 15,2018,12.879245767549143,77.4930084401751,30.0,1195.48,78.24,1.0,90.27,COMMERCIAL,0.91,True,LOCAL_DENSE
BNG-WES-NODE-15,Bengaluru West (Kengeri) Zone 15,2019,12.879533262849138,77.49173888707197,18.4,1088.24,-38.67,0.68,52.81,COMMERCIAL,0.91,True,LOCAL_DENSE
BNG-WES-NODE-15,Bengaluru West (Kengeri) Zone 15,2020,12.87840551748893,77.49220749907354,37.07,1244.82,101.47,1.0,113.82,COMMERCIAL,0.98,True,LOCAL_DENSE
BNG-WES-NODE-15,Bengaluru West (Kengeri) Zone 15,2021,12.879156150053412,77.49208966916885,61.72,1368.91,66.52,1.0,198.81,COMMERCIAL,0.97,True,LOCAL_DENSE
BNG-WES-NODE-15,Bengaluru West (Kengeri) Zone 15,2022,12.879285038474945,77.49216054224657,62.99,1374.86,2.06,1.0,203.34,COMMERCIAL,0.97,True,LOCAL_DENSE
BNG-WES-NODE-15,Bengaluru West (Kengeri) Zone 15,2023,12.878798381185566,77.49230353996884,58.62,1357.48,-6.94,1.0,188.02,COMMERCIAL,0.92,True,LOCAL_DENSE
